University,Year,Class,ID,IS1,IS2,IS3,IS4,IS5,IS6,IS7,IS8,IS9,IS10,IS11,IS12,IS13,IS14,IS15,IS16,IS17,IS18,IS19,IS20,IS21,IS22,IS23,IS24,IS25,GC1,GC2,GC3,GC4,GC5,GC6,GC7,GC8,GC9,GC10,GC11,GC12,GC13,GC14,GC15,GC16,GC17,GC18,GC19,GC20,GC21,GC22,GC23,GC24,gender,age,japan_citizen,other_citizen,ethnicity,ethnicity_text,religion,religion_txt,undergrad_grad,class_year,class_year_txt,major,faculty,firstlang,firstlang_txt,secondlang,secondlang_txt,SecondLang_Proficiency,SecondLang_Frequency,SecondLang_Frequency_txt,International_Travel_Count,Travel_Purpose,Travel_Purpose_txt,Notes
K,3,1,1,2,1,2,4,2,3,2,3,4,2,2,3,3,1,2,4,2,1,5,3,3,3,1,2,4,4,3,4,3,2,1,1,1,2,1,1,1,2,1,1,1,2,2,1,2,1,3,1,4,1,21,1,,1,,1,,1,3,,学校教育学類数学専修,Education,1,,0,,,,,1,2,,
K,3,1,2,3,2,2,4,3,1,1,1,5,2,2,4,3,2,3,3,1,1,4,1,2,4,1,4,2,2,3,3,4,2,3,3,1,3,2,1,2,2,4,2,1,3,3,2,3,1,5,1,4,1,21,1,,1,,6,,1,3,,学校教育，理科,Education,1,,0,,,,,3,"2,5",高校の学校交流の研修,
K,3,1,3,2,1,2,1,2,2,4,1,1,2,2,4,3,4,4,4,1,1,5,2,4,2,1,5,1,3,1,3,5,4,4,5,2,5,3,3,2,2,3,1,1,4,3,3,2,3,5,1,2,1,20,1,,1,,6,,1,3,,学校教育　英語教育,Education,1,,1,英語,2,2,,1,1,,
K,3,1,4,2,1,3,5,3,2,4,2,5,2,4,3,3,1,4,4,4,1,4,2,4,3,1,5,1,4,2,5,5,4,2,2,2,2,2,1,3,3,1,1,1,5,5,2,4,2,5,2,5,2,21,1,,1,,1,,1,3,,学校教育学類　社会科専修,Education,1,,0,,,,,0,,,
K,3,1,5,2,1,3,4,4,2,3,2,3,1,3,4,3,3,3,4,1,1,2,1,3,3,1,4,5,3,2,4,4,4,2,2,3,4,3,1,3,3,5,2,1,5,3,2,2,3,5,3,2,2,21,1,,1,,1,,1,3,,学校教育　英語教育専修,Education,1,,1,英語,2,1,,3,1,,
K,3,1,6,1,2,3,5,3,2,3,1,5,5,4,3,2,4,5,3,2,1,2,2,1,2,5,5,5,4,2,5,5,5,5,3,2,4,5,4,5,5,5,5,1,5,5,4,5,5,5,3,5,1,22,1,,1,,5,神道,1,3,,学校教育学類　教育基礎専修（英語）,Education,1,,1,英語,2,1,,3,"1,2,4",,
K,3,1,7,2,1,3,4,4,2,3,4,4,2,2,4,3,3,4,3,3,1,4,2,4,3,1,4,5,4,3,3,4,2,3,2,3,4,4,1,3,3,1,1,1,4,4,4,4,4,4,2,3,2,20,1,,1,,0,,1,3,,学校教育学類　理科,Education,1,,1,英語,2,6,,0,,,
K,3,1,8,2,2,3,5,4,2,2,1,5,3,2,4,3,2,2,2,2,1,4,2,2,3,1,4,1,3,2,4,4,3,3,2,2,3,2,1,1,2,3,1,1,4,2,3,4,2,4,2,3,1,21,1,,1,,1,,1,3,,学校教育，家政,Education,1,,0,,,,,2,2,,
K,3,1,9,3,2,2,4,2,2,3,2,3,2,2,3,3,2,2,4,2,1,3,2,2,3,1,3,3,3,2,4,3,2,2,2,1,3,2,1,1,2,1,1,1,3,3,2,3,1,4,1,1,1,21,1,,1,,6,,1,3,,学校教育学類　数学教育専修,Education,1,,0,,,,,1,5,高校の修学旅行,
K,3,1,10,2,2,3,4,4,3,2,1,4,3,2,3,2,2,4,3,3,1,3,2,2,3,2,4,2,3,2,2,5,3,2,2,2,3,2,1,2,3,4,1,1,3,3,5,5,2,4,1,2,1,20,1,,1,,6,,1,3,,学校教育学類　音楽教育専修,Education,1,,1,英語,3,2,,1,5,高校の修学旅行,
K,3,1,11,2,1,2,5,5,2,1,1,4,2,2,3,2,3,3,2,4,1,4,1,1,2,3,3,3,3,4,3,4,4,2,4,2,5,3,1,1,2,1,1,1,3,3,3,4,3,4,1,3,1,21,1,,1,,0,なし,1,3,,学校教育　美術,Education,1,,1,英語，韓国語,2,3,,0,,,
K,3,1,12,2,1,2,5,4,2,3,2,4,3,1,3,4,4,2,2,2,1,5,2,3,3,3,5,4,3,2,5,5,3,2,2,1,3,3,3,1,2,4,4,1,3,3,3,3,3,3,3,3,1,,1,,1,,,,1,3,,教育学類　英語専攻,Education,1,,1,英語,2,1,,1,1,,年齢不詳
K,3,1,13,4,2,2,4,2,2,4,2,4,2,,3,4,3,2,4,2,1,4,2,3,4,1,4,2,3,4,3,4,3,1,2,2,2,2,2,2,3,1,1,1,3,2,2,3,2,3,1,3,1,21,1,,1,,1,,1,3,,学校教育学類　教育基礎専修,Education,1,,1,英語,2,2,,0,,,IS11重複
K,3,1,14,4,2,4,3,4,3,4,4,4,4,2,3,4,3,3,4,3,1,4,4,2,4,1,3,5,3,4,5,3,2,3,2,1,3,3,4,2,4,3,1,1,3,3,4,2,3,4,2,4,2,20,1,,1,,1,,1,3,,教育　社会科,Education,1,,1,,1,7,,1,5,高校の研修,母国語の他に使えるコミュニケーションの手段　不明
K,3,1,15,3,2,1,5,4,1,3,2,5,1,3,2,3,2,2,3,4,1,3,1,1,2,1,3,2,2,4,4,3,3,3,2,1,1,1,1,1,1,1,1,1,1,1,1,1,1,1,1,1,2,20,1,,1,,1,,1,3,,学校教育学類　保健体育専修,Education,1,,0,,,,,0,,,
K,3,1,16,2,2,3,3,2,2,4,3,4,3,3,4,4,3,2,4,2,1,3,2,2,2,1,3,2,3,3,3,3,4,3,1,2,3,1,2,2,2,3,1,1,3,3,2,3,2,4,2,3,1,20,1,,1,,6,,1,3,,学校教育学類　教育基礎専修,Education,1,,1,,2,2,,1,1,,母国語の他に使えるコミュニケーションの手段　不明
K,3,1,17,3,3,3,3,1,1,2,3,3,2,2,2,3,2,2,4,2,1,2,2,2,2,1,3,3,3,3,2,2,1,1,1,1,2,1,1,1,1,1,1,1,1,2,2,2,1,3,1,2,1,21,1,,1,,6,,1,3,,特別支援教育専修,Education,1,,0,,,,,0,,,
K,3,1,18,2,2,2,4,2,2,4,1,4,3,3,3,2,2,2,3,2,1,3,1,1,2,1,3,1,3,3,3,4,2,2,2,1,3,3,1,,3,1,1,1,3,3,3,3,3,5,3,3,1,21,1,,1,,6,,1,3,,人間社会学域学校教育学類国語教育専修,Education,1,,0,,,,,0,,,GC12　不明
K,3,1,19,2,1,2,3,2,3,3,2,2,2,3,4,3,3,2,3,2,1,4,2,2,2,1,3,4,3,2,4,4,4,3,2,2,3,4,1,2,2,4,4,1,3,3,3,4,3,4,3,3,1,20,1,,1,,1,,1,3,,学校教育学類　教育基礎専修,Education,1,,1,英語,1,2,,2,"1,2,5",ボランティア,
K,3,1,20,2,2,2,5,4,1,2,2,4,1,3,4,4,2,5,5,2,1,4,2,3,2,1,3,2,4,2,4,4,1,1,2,1,4,3,1,1,1,1,1,1,2,4,4,3,1,4,1,4,1,20,1,,1,,1,,1,3,,学校教育学類　特別支援専修,Education,1,,0,,,,,0,,,
K,3,1,21,5,4,3,,2,3,3,4,3,2,4,4,3,2,5,4,3,2,1,4,2,3,4,3,2,1,2,3,4,4,5,4,3,2,2,2,3,4,5,4,4,3,2,3,3,4,5,1,1,1,21,1,,1,,1,,1,3,,学校教育学類　保健体育専修,Education,1,,1,英語,2,7,,1,2,,IS4重複
K,3,1,22,2,2,2,4,3,2,2,2,4,2,3,5,3,2,2,3,2,1,3,2,2,4,1,4,2,4,2,5,3,3,2,3,2,3,3,1,2,4,1,1,1,4,5,4,4,3,5,4,4,2,20,1,,1,,2,,1,3,,学校教育学類　教育基礎専修,Education,1,,1,英語,2,6,,0,,,
K,3,1,23,2,2,3,4,3,3,2,2,3,2,2,3,3,2,3,4,2,1,3,2,3,2,1,3,1,3,3,3,3,2,2,2,2,2,2,2,2,3,1,1,1,3,3,2,3,2,4,2,4,1,20,1,,1,,1,,1,3,,学校教育　教育基礎,Education,1,,1,英語,2,4,,0,,,
K,3,1,24,1,2,3,4,3,2,3,2,3,3,3,3,3,2,3,3,2,1,3,2,2,3,1,3,3,3,2,3,4,4,2,2,3,3,3,1,2,3,4,2,2,3,3,3,3,2,2,2,2,1,21,1,,1,,1,,1,3,,教育基礎,Education,1,,1,,1,4,,3,"1,2",,母国語の他に使えるコミュニケーションの手段　不明
K,3,1,25,2,1,3,3,3,2,3,3,3,2,2,3,3,2,2,4,2,1,3,1,2,2,2,3,4,3,2,4,4,3,3,2,2,4,3,1,2,2,4,4,1,3,3,3,3,2,4,2,3,1,21,1,,1,,1,,1,3,,学校教育学類　国語教育専修,Education,1,,1,英語,2,2,,2,"1,2",,
K,3,1,26,2,2,1,4,2,3,2,2,4,1,2,3,4,2,4,3,2,1,2,2,2,3,1,3,4,4,4,3,3,1,1,1,1,2,2,1,1,2,1,1,1,1,2,2,3,1,4,1,2,2,22,1,,1,,1,,1,3,,教育学部　教育基礎専修,Education,1,,1,英語,2,7,,2,2,,
K,3,1,27,2,4,4,4,3,3,2,2,3,4,4,4,2,2,2,5,2,1,3,1,2,3,1,3,3,4,3,4,3,2,3,2,1,3,2,1,2,5,3,1,1,3,4,4,4,3,4,2,4,2,21,1,,1,,6,,1,3,学校教育　音楽,声楽専修,Education,1,,0,,,,,1,2,,
K,3,1,28,2,1,4,5,4,2,3,2,5,3,3,5,2,4,2,3,2,1,4,1,2,4,1,5,2,2,2,3,5,5,3,4,2,5,4,2,2,3,4,4,1,5,4,4,3,4,5,3,4,1,20,1,,1,,1,,1,3,,学校教育学類　英語教育専攻,Education,1,,1,英語,3,2,,0,,,
K,3,1,29,3,2,4,5,4,2,4,2,4,4,2,4,4,3,2,5,2,2,5,2,3,4,3,4,4,2,1,4,4,3,4,4,3,4,4,1,2,3,4,4,2,4,3,4,3,4,5,4,2,2,21,1,,1,,1,,1,3,,学校教育学類3年理科専修,Education,1,,1,英語、中国語,2,5,,4,"1,2",,
K,3,1,30,2,1,4,4,3,2,1,2,4,2,2,4,3,3,2,5,2,1,4,2,3,5,1,4,5,4,4,5,4,3,2,1,1,1,1,1,1,1,1,1,1,4,2,4,4,3,2,1,5,1,21,1,,1,,1,,1,3,,学校教育学類　数学教育専修,Education,1,,1,英語,2,4,,0,,,
K,3,1,31,4,2,3,4,1,2,1,2,2,2,1,3,2,1,2,3,2,1,3,2,,,,,,,,,,,,,,,,,,,,,,,,,,,,,,,,,,,,,,,,,,Education,,,,,,,,,,,IS21から無回答
K,3,1,32,2,2,3,4,2,2,3,2,4,2,3,3,3,3,3,3,2,1,3,3,3,3,3,3,3,2,3,3,3,2,2,2,2,2,2,1,1,2,2,1,1,1,2,2,2,2,3,1,2,2,21,1,,1,,6,,1,3,,学校教育学類　教育基礎専修　数学専攻,Education,1,,0,,,,,1,5,市内の交流プロジェクト,
K,3,1,33,2,2,2,4,3,2,3,2,3,2,2,3,3,2,2,3,3,1,4,2,2,3,1,5,2,3,3,4,4,3,3,2,2,3,3,2,2,2,1,1,1,3,2,3,3,3,5,2,4,1,21,1,,1,,1,,1,3,,学校教育学類　英語専修,Education,1,,1,英語,2,3,,0,,,
K,3,1,34,2,2,2,5,3,2,2,4,5,4,3,4,4,1,2,5,1,1,3,2,1,4,1,4,5,2,1,4,5,4,4,4,3,4,3,3,2,5,5,1,1,4,5,4,4,3,5,2,1,1,21,1,,1,,6,,1,3,,学校教育学類　英語教育専修,Education,1,,1,英語,2,2,,3,1,,
K,3,1,35,2,2,4,4,2,2,3,3,4,3,2,4,2,4,2,4,2,1,5,2,5,3,1,5,4,4,2,4,5,3,2,2,2,2,2,2,3,4,1,1,1,3,3,4,4,1,5,2,2,1,21,1,,1,,1,,1,3,,学校教育学類　特別支援教育専修,Education,1,,0,,,,,0,,,
K,3,1,36,2,2,3,5,3,2,4,3,3,2,2,3,4,3,3,5,2,1,3,4,3,3,1,3,3,4,3,4,4,3,3,3,2,2,3,2,2,2,1,1,1,4,4,2,2,2,4,2,3,1,21,1,,1,,1,,1,3,,学校教育学類　英語専修,Education,1,,1,英語,2,6,,3,"2,5",高校の修学旅行,
K,3,1,37,2,1,3,4,3,2,3,3,4,2,2,4,4,1,2,4,2,1,4,2,3,4,1,4,4,3,3,3,4,3,2,3,1,4,4,1,2,3,3,1,1,4,4,4,4,3,4,1,5,1,20,1,,1,,1,,1,3,,英語専修,Education,1,,1,英語,2,2,,3,"1,2",,
K,3,1,38,3,3,3,3,3,3,3,2,3,3,3,3,3,2,3,3,1,1,3,2,2,2,1,3,2,3,2,3,3,2,3,2,2,3,3,1,2,3,3,3,2,3,3,2,3,3,2,3,3,1,21,1,,1,,1,,1,3,,学校教育　保健体育,Education,1,,1,,2,6,,1,2,,母国語の他に使えるコミュニケーションの手段　不明
K,3,1,39,4,4,3,4,3,3,3,4,4,4,4,4,4,4,4,4,4,4,4,4,4,4,4,4,4,4,4,4,4,4,4,4,4,4,4,4,4,4,4,4,4,4,4,4,4,4,4,4,4,2,,1,,1,,5,,1,3,,教育　保体,Education,1,,0,,,,,1,2,,年齢不詳
K,3,1,40,3,1,2,4,3,2,3,2,3,2,2,3,3,3,4,4,2,1,3,3,3,4,1,3,4,4,4,3,3,1,2,1,3,3,2,1,2,2,1,1,1,3,3,2,4,2,4,2,4,1,21,1,,1,,1,,1,3,,学校教育・数学,Education,1,,0,,,,,1,5,高校の修学旅行,
K,3,1,41,3,2,3,5,3,4,3,2,3,2,3,3,3,3,2,3,3,1,3,1,2,2,1,4,2,3,2,4,4,3,2,2,2,3,2,1,2,3,3,1,1,3,4,3,4,2,5,2,4,2,21,1,,1,,1,,1,3,,人間社会学域学校教育学類国語専修,Education,1,,1,英語,2,5,,1,3,,
K,3,1,42,2,2,5,5,3,2,4,2,5,2,3,4,3,2,3,3,1,1,3,1,2,1,2,3,4,3,3,5,4,2,1,1,1,2,3,2,3,3,1,1,1,3,3,2,4,1,5,1,5,2,21,1,,1,,6,,1,3,,学校教育　教育基礎,Education,1,,1,英語,2,7,,0,,,
K,3,1,43,2,2,2,3,3,2,3,2,4,2,2,4,4,4,3,,2,1,3,2,2,4,2,3,2,3,3,4,3,2,3,2,1,3,3,2,2,3,4,3,1,3,4,3,4,2,4,2,2,1,20,1,,1,,5,,1,3,,学校教育学類　数学教育専修,Education,1,,1,英語,2,4,,4,"1,2",,IS16重複
K,3,1,44,2,2,2,4,3,2,3,3,3,3,2,4,2,2,3,3,4,1,3,2,3,3,2,3,2,3,3,4,4,3,3,2,2,3,3,2,2,3,3,2,2,3,4,3,5,3,3,3,3,1,20,1,,1,,6,,1,3,,学校教育学類　社会科専修　地理コース,Education,1,,1,英語,2,6,,2,"1,2",,
K,3,1,45,2,1,3,4,4,2,1,3,3,2,4,5,3,1,2,4,5,1,5,2,4,2,1,5,3,4,2,3,5,2,1,4,1,4,3,1,2,2,1,1,1,4,4,3,3,2,5,2,3,2,20,1,,1,,1,,1,3,,学校教育　社会科　社会科教育,Education,1,,1,英語,2,2,,0,,,
K,3,1,46,2,2,2,3,2,2,2,2,4,2,3,3,4,3,2,3,2,1,3,2,3,2,1,3,4,2,3,4,4,2,2,1,1,1,1,1,2,2,1,1,1,2,2,2,2,1,4,1,2,1,21,1,,1,,1,,1,3,,学校教育学類　家政教育専修,Education,1,,0,,,,,0,,,
K,3,1,47,2,1,3,4,4,2,4,3,3,2,2,4,4,4,4,3,1,1,3,2,2,2,1,4,4,3,2,4,4,4,3,2,2,4,4,1,1,2,2,1,1,2,4,4,4,2,4,2,4,1,21,1,,1,,1,,1,3,,教育、保健体育,Education,1,,0,,,,,0,,,
K,3,1,48,2,1,2,4,2,1,4,1,5,3,2,4,2,1,3,4,2,1,4,3,4,4,1,5,5,3,2,2,5,3,3,3,2,2,1,5,2,2,4,1,1,3,4,2,2,1,5,1,4,1,21,1,,1,,1,,1,3,,教育学類数学教育専修,Education,1,,0,,,,,1,2,,
K,3,1,49,2,1,3,4,2,2,3,1,4,4,3,4,3,2,3,4,2,1,3,1,2,4,1,4,5,4,2,4,5,4,2,1,2,3,3,1,1,2,4,2,1,3,3,3,3,1,3,1,4,1,20,1,,1,,1,,1,3,,学校教育　社会科教育専修,Education,1,,0,,,,,1,1,,
K,3,1,50,3,1,2,4,2,2,3,4,4,2,2,5,2,4,3,2,2,1,4,3,1,2,1,4,5,4,2,4,5,2,3,1,2,2,2,1,1,2,3,1,1,3,2,1,3,1,5,1,3,1,21,1,,1,,1,,1,3,,学校教育　家政教育専修,Education,1,,0,,,,,0,,,
K,3,1,51,2,2,3,4,3,2,2,2,2,2,3,3,4,2,3,3,2,1,3,3,3,4,1,3,4,3,4,3,3,2,3,3,3,3,3,2,2,3,1,1,1,3,2,3,3,2,4,1,3,2,21,1,,1,,1,,1,3,,学校教育学類　基礎専修,Education,1,,1,英語,2,5,,0,,,
K,3,1,52,2,2,3,4,2,2,2,2,3,3,2,5,4,2,2,4,2,1,4,2,1,2,2,4,2,3,2,3,3,2,1,3,2,3,2,2,1,2,1,1,1,3,3,2,3,2,5,2,3,2,21,1,,1,,6,,1,3,,学校教育学類　英語教育専修,Education,1,,1,英語,2,3,,0,,,
K,3,1,53,3,3,3,4,4,3,3,4,3,3,2,4,3,3,3,2,2,1,3,2,2,2,1,3,3,3,3,3,3,3,3,3,2,2,2,3,2,2,2,1,1,3,3,2,3,2,3,2,2,2,22,1,,1,,1,,1,3,,教育　理科教育専修,Education,1,,1,,2,3,,0,,,母国語の他に使えるコミュニケーションの手段　不明
K,3,1,54,2,2,2,4,3,1,3,2,3,3,2,3,2,1,2,4,2,1,3,1,2,2,1,3,3,4,4,3,4,3,2,3,1,2,2,1,1,3,1,1,1,3,3,2,3,1,4,1,2,1,21,1,,1,,1,,1,3,,教育学部　国語教育専修,Education,1,,0,,,,,0,,,
K,3,1,55,1,2,3,4,4,2,3,2,4,4,3,3,3,2,3,3,2,1,3,3,3,3,1,3,4,3,2,3,3,3,2,2,2,3,3,1,2,3,1,1,1,3,2,3,3,2,3,2,3,1,21,1,,1,,1,,1,3,,学校教育学類保健体育専修,Education,1,,1,英語,2,6,,0,,,
K,3,1,56,2,1,1,5,2,2,4,2,4,2,2,3,2,2,3,3,4,1,3,2,2,3,1,3,4,3,2,2,4,3,2,2,1,3,2,1,2,4,2,1,1,5,5,2,4,2,5,2,3,1,21,1,,1,,1,,1,3,,学校教育学類　国語専修,Education,1,,0,,,,,0,,,
K,3,1,57,1,1,2,4,3,2,4,2,3,2,3,3,3,2,1,5,3,1,3,1,1,4,1,3,1,4,4,3,3,1,2,1,1,3,2,2,1,4,2,1,1,2,3,4,3,2,5,1,3,2,22,1,,1,,6,,1,3,,学校教育　国語専修,Education,1,,0,,,,,2,2,,
K,3,1,58,3,1,4,5,4,3,2,2,4,3,3,3,3,2,3,4,2,1,4,3,3,4,1,4,4,2,2,3,4,4,4,3,2,3,3,2,2,3,2,1,1,3,3,4,4,3,3,2,3,2,21,1,,1,,1,,1,3,,教育学部　数学専修,Education,1,,0,,,,,2,5,高校の修学旅行、サッカーの遠征,
K,3,1,59,3,2,3,4,2,1,4,2,4,2,3,3,4,4,2,3,2,1,2,3,2,2,1,3,4,3,2,3,4,2,2,1,3,2,2,1,2,2,1,1,1,2,3,3,4,2,4,1,3,1,21,1,,1,,7,無宗教,1,3,,学校教育　国語専修,Education,1,,0,,,,,0,,,
K,3,1,60,2,1,1,3,2,2,2,1,3,5,2,2,2,2,2,2,2,1,2,1,3,3,,3,2,2,4,5,4,3,3,2,2,1,2,1,1,1,1,1,1,1,3,3,3,3,4,3,3,2,21,1,,1,,1,,1,3,,学校教育学類　社会科教育専修,Education,1,,0,,,,,1,2,,IS23 無回答
K,3,1,61,4,1,2,4,1,1,2,2,3,2,1,3,2,2,1,4,2,1,2,1,2,2,1,3,2,4,3,2,3,1,1,1,1,1,1,1,1,3,2,1,1,1,2,3,2,1,1,1,3,1,21,1,,1,,6,,1,3,,学校教育学類　国語専修,Education,1,,0,,,,,1,1,,
K,3,1,62,2,1,5,5,4,2,3,2,4,2,2,3,4,4,4,3,3,1,4,2,2,2,1,4,2,4,2,5,4,2,3,3,2,4,2,3,2,2,4,2,1,3,3,3,3,2,5,1,4,1,21,1,,1,,1,,1,3,,教育学類　特別支援教育専修,Education,1,,0,,,,,1,5,高校の修学旅行,
K,3,1,63,2,2,4,4,2,2,4,3,5,3,3,4,4,2,2,4,1,1,4,1,1,2,1,4,5,4,2,4,4,3,2,4,2,4,3,1,1,2,1,1,1,4,4,4,4,3,4,3,4,2,20,1,,1,,1,,1,3,,学校教育学類　理科教育専修,Education,1,,1,,2,5,,0,,,母国語の他に使えるコミュニケーションの手段　不明
K,3,1,64,2,2,3,3,3,2,3,2,2,3,2,3,3,2,3,2,3,2,2,2,3,3,2,2,3,2,2,3,3,2,3,2,2,3,3,2,2,3,2,2,2,3,2,3,2,2,2,2,2,2,21,1,,1,,7,なし,1,3,,学校教育学類　数学教育専修,Education,1,,1,英語,2,1,,2,2,,
K,3,1,65,2,2,2,5,3,2,3,3,3,2,3,4,2,3,3,4,4,1,3,2,3,3,3,3,2,2,3,3,4,3,3,3,4,4,3,2,3,3,1,3,3,2,3,4,3,2,3,3,4,2,21,1,,1,,6,,1,3,,学校教育学類　数学専修,Education,1,,1,英語,2,6,,2,"2,5",高校の修学旅行,
K,3,1,66,2,1,4,4,4,2,4,2,4,2,2,3,4,4,2,2,2,1,4,2,3,4,1,4,3,4,2,4,4,2,2,2,3,4,4,4,2,2,1,1,1,3,4,3,4,2,5,3,3,1,21,1,,1,,1,,1,3,,学校教育学類　教育基礎専修,Education,1,,1,英語,1,7,,0,,,
K,3,1,67,3,2,4,4,3,2,4,2,3,3,2,3,3,2,3,3,2,1,3,2,2,3,1,3,2,2,3,3,3,3,2,2,2,2,2,1,2,3,1,1,1,3,3,2,3,2,3,2,3,1,20,1,,1,,1,,1,3,,学校教育学類　数学専修,Education,1,,1,,1,5,,0,,,母国語の他に使えるコミュニケーションの手段　不明
K,3,1,68,2,2,4,4,3,4,4,2,2,2,3,4,4,4,4,4,2,1,4,1,4,3,1,4,4,3,2,4,4,2,2,2,2,2,2,3,2,2,2,1,1,4,4,2,3,3,5,1,4,1,,1,,1,,6,,1,3,,学校教育学類　国語専修,Education,1,,0,,,,,1,5,高校の修学旅行,年齢不詳
K,3,1,69,2,2,3,3,2,2,2,2,3,2,2,3,2,3,3,2,1,1,3,2,2,3,1,3,3,3,2,3,3,2,2,1,1,2,2,1,1,2,1,1,1,2,4,3,3,2,4,2,4,1,20,1,,1,,1,,1,3,,学校教育学類　理科教育専修,Education,1,,0,,,,,0,,,
K,3,1,70,3,2,2,3,2,2,2,2,3,2,2,3,2,2,3,3,2,1,3,2,2,3,1,3,3,3,2,3,3,2,2,2,1,1,1,1,2,1,2,1,1,2,2,1,1,1,1,1,3,1,21,1,,1,,1,,1,3,,学校教育学類　特別支援教育専修,Education,1,,0,,,,,0,,,
K,3,1,71,2,2,2,5,3,2,2,2,5,2,2,3,2,2,3,3,3,1,3,1,2,2,1,3,2,3,2,3,3,2,2,2,1,2,1,1,2,2,1,1,1,3,3,,,,,,,2,21,1,,1,,1,神道,1,3,,学校教育学類　社会科教育専修,Education,1,,0,,,,,0,,,GC19からＧＣ24まで無回答
K,3,1,72,2,3,2,4,2,3,2,3,3,2,3,2,4,2,3,4,2,1,3,4,4,4,1,3,2,3,3,4,3,3,2,2,2,3,2,1,1,2,2,1,1,3,3,3,4,2,5,2,2,2,21,1,,1,,6,,1,3,,学校教育　数学専修,Education,1,,0,,,,,0,,,
K,3,1,73,2,1,3,5,3,2,4,2,3,4,2,5,4,3,2,4,2,1,4,3,3,4,1,4,4,4,2,3,4,3,2,2,2,3,3,2,1,1,1,1,1,3,3,2,2,2,3,2,2,1,21,1,,1,,1,,1,3,,学校教育学類　国語専修,Education,1,,1,,2,5,,0,,,母国語の他に使えるコミュニケーションの手段　不明
K,3,1,74,3,2,3,3,2,2,3,2,3,3,2,3,3,2,3,3,2,1,2,3,3,3,1,2,1,3,2,2,3,2,2,1,1,1,1,1,1,3,1,1,1,2,3,1,2,1,1,1,1,1,21,1,,1,,6,,1,3,,学校教育学類　音楽教育専修,Education,1,,0,,,,,1,1,,
K,3,1,75,2,2,2,4,3,2,2,2,3,3,3,4,3,2,3,3,2,1,3,3,3,3,1,3,2,3,2,2,4,3,3,2,3,2,2,1,2,2,2,1,1,3,2,2,3,2,4,2,3,1,21,1,,1,,1,,1,3,,学校教育学類　音楽教育専修,Education,1,,0,,,,,0,,,
K,3,1,76,4,5,2,5,5,3,2,1,3,4,2,3,4,4,3,2,2,1,3,1,3,2,2,4,2,2,2,3,4,4,4,5,3,4,3,1,1,2,4,2,5,4,4,3,3,3,3,3,3,1,20,1,,1,,1,,1,3,,学校教育学類　特別支援専修,Education,1,,0,,,,,2,1,,
K,3,1,77,2,2,2,4,3,2,2,3,2,2,2,2,4,2,4,4,2,1,2,1,4,2,1,4,4,4,3,5,4,4,4,4,2,3,2,4,4,2,4,2,2,4,3,3,3,2,4,2,4,2,21,1,,1,,1,,1,3,,学校教育　英語専修,Education,1,,1,英語,3,1,,1,1,,
K,3,1,78,2,1,2,4,3,2,2,2,3,3,3,4,3,3,2,3,2,1,3,3,3,2,1,2,2,4,2,3,3,3,2,2,1,3,2,1,2,2,1,1,1,2,2,2,3,2,3,2,3,1,21,1,,1,,1,,1,3,,学校教育学類　音楽教育専修,Education,1,,1,,2,3,,0,,,母国語の他に使えるコミュニケーションの手段　不明
K,3,1,79,2,1,2,5,2,2,2,2,5,3,1,4,4,4,4,3,2,1,4,2,2,3,1,5,5,4,1,1,5,2,2,2,1,4,4,2,1,3,2,2,2,3,4,4,4,2,5,2,2,2,21,1,,1,,1,,1,3,,社会科専攻,Education,1,,0,,,,,1,2,,
K,3,1,80,2,3,4,4,4,3,3,2,4,3,3,4,4,3,5,2,2,1,3,1,4,4,2,5,4,4,2,5,4,4,4,4,3,4,4,2,4,4,4,1,1,4,4,4,4,3,4,2,3,2,21,1,,1,,1,,1,3,,学校教育　社会科教育専修,Education,1,,1,,2,6,,1,2,,母国語の他に使えるコミュニケーションの手段　不明
K,3,1,81,2,2,4,4,1,1,2,3,5,2,1,4,4,2,2,4,2,1,4,2,2,2,1,3,5,4,4,4,4,1,2,1,1,2,2,1,3,1,1,1,1,2,2,3,4,2,5,1,5,1,21,1,,1,,1,,1,3,,学校教育学類　理科教育専修,Education,1,,0,,,,,2,2,,
K,3,1,82,2,1,2,4,2,1,1,2,4,2,2,3,3,2,2,2,2,4,2,2,2,2,1,3,3,4,4,3,4,1,2,2,1,2,1,1,1,1,1,1,1,2,4,3,4,2,4,1,4,1,21,1,,1,,1,,1,3,,学校教育学類　特別支援教育専修,Education,1,,0,,,,,2,2,,
K,3,1,83,3,1,1,3,2,2,2,4,1,1,1,3,3,2,2,4,2,1,2,1,2,3,1,2,3,1,4,4,4,1,1,3,2,2,1,1,1,1,1,1,1,1,1,2,2,1,5,1,2,1,21,1,,1,,1,,1,3,,音楽教育専修作曲専攻,Education,1,,0,,,,,0,,,
K,3,1,84,2,2,2,4,,3,3,3,4,3,2,3,4,4,4,4,4,1,3,3,3,3,1,4,4,4,2,3,4,4,4,1,2,3,1,1,1,3,1,1,1,3,3,3,3,1,3,1,3,1,,1,,1,,6,,1,3,,学校教育　美術教育専修　デザインコース,Education,1,,1,英語,2,6,,0,,,IS05　無回答 年齢不詳
K,3,1,85,4,4,4,4,3,4,4,4,5,4,4,3,4,4,5,4,4,1,4,4,4,4,4,4,4,2,2,2,4,2,2,2,1,2,2,1,2,2,2,2,2,2,2,1,2,2,2,2,2,2,20,1,,1,,1,,1,3,,教育　社会科,Education,1,,0,,,,,3,2,,
K,3,1,86,2,2,3,3,3,2,2,3,3,3,2,3,3,3,3,2,4,1,3,2,3,3,1,2,4,3,4,3,2,3,3,2,1,2,2,1,1,1,1,1,1,3,3,3,2,2,2,1,2,1,20,1,,1,,6,,1,3,,学校教育学類　理科教育専修,Education,1,,0,,,,,0,,,
K,3,1,87,2,1,2,3,4,2,3,3,2,2,2,3,2,2,3,4,2,1,3,2,2,3,1,2,2,3,3,4,3,2,2,2,2,3,3,1,1,1,3,1,1,3,3,3,4,3,2,2,2,2,20,1,,1,,1,,1,3,,学校教育学類　保健体育専修,Education,1,,1,英語,3,4,,2,"2,5",野球の海外遠征,
K,3,1,88,2,4,3,4,4,3,2,2,3,2,2,3,4,1,3,5,3,1,4,2,2,3,1,4,5,4,4,4,2,1,1,1,1,3,2,1,1,4,1,1,1,1,3,4,5,2,5,1,1,2,21,1,,1,,1,,1,3,,学校教育学類　教育基礎専修,Education,1,,0,,,,,0,,,
K,3,1,89,4,3,4,2,2,2,3,2,4,4,3,4,4,4,5,5,2,1,2,3,4,2,1,4,4,4,5,4,4,2,3,2,3,1,1,1,2,3,1,1,1,2,4,2,3,1,5,1,3,2,21,1,,1,,1,,1,3,,学校教育学類　保健体育専修,Education,1,,0,,,,,0,,,
K,3,1,90,2,1,2,4,3,2,1,3,3,2,2,4,4,2,3,4,1,1,3,2,2,4,1,4,3,4,4,5,4,2,2,2,1,3,1,1,1,2,5,2,1,4,3,3,4,2,3,1,4,1,20,1,,1,,7,何も信仰していない,1,3,,学校教育学類　教育基礎専修,Education,1,,1,英語,2,2,,1,5,高校のスタディーツアー,
K,3,1,91,2,1,3,4,3,2,2,2,3,2,3,5,2,,2,4,2,1,4,2,4,4,1,3,4,3,3,4,3,3,2,2,2,3,3,1,2,2,1,1,1,3,3,4,4,2,4,2,5,1,21,1,,1,,6,,1,3,,学校教育学類　社会科専修,Education,1,,1,英語,2,7,,0,,,IS14無回答
K,3,1,92,4,2,3,4,2,2,3,2,3,4,2,4,3,3,4,5,3,1,4,2,4,3,1,4,2,4,4,3,4,2,3,1,1,2,2,1,2,4,1,1,1,3,4,2,3,1,4,3,3,2,21,1,,1,,2,,1,3,,学校教育学類　理科教育専修,Education,1,,1,英語,1,6,,2,5,高校の修学旅行,
K,1,1,1,2,2,4,4,2,1,3,5,4,2,2,2,1,1,2,4,1,1,4,1,2,5,2,2,4,4,5,5,2,2,1,4,1,2,1,5,1,5,1,1,1,3,3,2,4,1,5,2,5,2,19,1,,1,,1,,1,1,,人社　経済,Economics,1,,1,,2,3,,1,5,高校の修学旅行,母国語の他に使えるコミュニケーションの手段　不明
K,1,1,2,1,1,3,5,5,5,1,1,1,5,5,5,5,1,1,1,1,5,1,1,1,1,5,5,1,5,5,5,5,1,5,5,5,1,1,1,5,1,,5,1,1,1,5,5,5,5,5,5,2,19,1,,1,,1,,1,1,,経済,Economics,1,,0,,,,,0,,,GC14 重複
K,1,1,3,2,2,3,4,2,2,2,2,4,4,4,4,4,2,3,2,2,1,3,2,3,2,1,4,4,4,3,4,4,2,2,3,2,2,2,4,2,5,2,1,1,3,3,2,5,2,3,2,3,1,19,1,,1,,6,,1,1,,学校教育,Education,1,,1,英語,2,2,,0,,,
K,1,1,4,2,1,2,3,3,1,4,1,1,5,1,4,4,1,2,1,3,1,4,2,1,1,1,5,4,5,4,3,4,3,1,2,3,2,3,1,1,4,2,1,1,3,2,4,4,3,5,3,3,2,19,1,,1,,6,,1,1,,経済学部,Economics,1,,1,英語,2,6,,1,5,高校の修学旅行,
K,1,1,5,4,5,4,4,5,5,5,4,5,4,5,5,5,4,5,5,5,4,5,4,5,4,4,4,2,4,4,4,4,4,4,4,4,4,4,4,4,4,4,4,4,4,4,4,4,4,4,4,4,1,19,1,,1,,6,,1,1,,経済,Economics,1,,0,,,,,1,,高校の研修,
K,1,1,6,2,2,3,5,5,2,3,2,5,3,5,5,4,3,4,3,1,1,4,2,2,4,1,5,4,4,2,4,5,4,4,4,3,5,4,2,4,3,3,1,1,5,3,5,5,4,5,3,3,1,19,1,,1,,1,,1,1,,学校教育学類　特別支援専修,Education,1,,1,英語,3,2,,1,2,,
K,1,1,7,2,3,2,5,3,5,1,3,5,3,5,4,5,2,4,4,1,1,3,1,2,1,1,4,1,3,3,5,5,3,1,4,2,3,1,1,2,4,1,1,1,2,4,2,3,3,5,2,4,1,19,1,,1,,6,,1,1,,人間社会学域地域創造学類　福祉マネジメントコース,SocialWelfare,1,,0,,,,,0,,,
K,1,1,8,2,2,2,4,2,2,4,3,3,1,1,5,1,1,2,5,5,1,4,1,1,1,1,3,1,4,3,3,3,2,2,2,2,3,1,2,1,1,1,1,1,4,3,2,2,1,3,1,1,2,19,1,,1,,1,,1,1,,地域創造学類,0,1,,0,,,,,0,,,
K,1,1,9,2,2,3,4,2,2,1,2,3,3,3,4,4,2,3,3,2,1,4,2,2,2,1,3,2,3,3,3,3,3,3,4,2,2,3,2,3,3,3,2,1,3,3,3,3,2,4,2,3,2,19,1,,1,,1,,1,1,,経済,Economics,1,,1,英語、中国語,2,7,,1,2,,
K,1,1,10,4,2,4,5,2,3,3,2,5,2,2,2,5,5,5,5,2,1,4,2,2,2,1,5,4,5,2,5,5,3,3,4,3,5,2,1,1,2,1,1,1,4,5,2,5,3,5,2,4,2,19,1,,1,,7,神道,1,1,,,,1,,0,,,,,0,,,専攻不明
K,1,1,11,2,2,2,3,2,2,3,2,4,3,3,3,3,1,2,3,2,1,4,2,2,2,1,3,3,3,2,3,3,2,2,3,2,3,2,1,3,3,1,1,1,3,3,1,2,2,3,2,3,2,19,1,,1,,6,,1,1,,学校教育学類　社会科教育専修,Education,1,,1,,2,2,,0,,,母国語の他に使えるコミュニケーションの手段　不明
K,1,1,12,3,3,3,3,3,3,3,3,3,3,3,3,3,3,3,3,3,3,3,3,3,3,3,3,3,3,4,3,4,3,3,3,3,3,3,3,3,3,3,3,3,3,3,3,3,3,3,3,3,2,,1,,1,,1,,1,1,,,,1,,1,,,2,,0,,,年齢不詳、専攻不明、母国語の他に使えるコミュニケーションの手段　不明、言語の習熟度　不明
K,1,1,13,1,1,3,5,2,1,3,2,3,4,4,5,4,2,4,3,1,1,3,1,2,3,1,4,2,3,2,5,4,3,2,2,1,5,2,2,2,2,1,1,1,5,4,4,3,5,,2,4,2,,1,,1,,1,,1,1,,経済学,Economics,1,,1,英語,2,2,,0,,,"GC22 無回答,年齢不詳"
K,1,1,14,3,2,2,4,3,2,2,2,3,2,3,3,3,2,2,3,2,1,2,2,2,3,1,2,2,3,3,3,3,2,2,2,1,1,1,1,1,1,1,1,1,2,2,2,3,2,3,1,2,1,19,1,,1,,1,,1,1,,地域創造学類,,1,,0,,,,,0,,,
K,1,1,15,4,3,3,4,3,4,4,3,4,3,4,2,2,3,4,3,3,1,1,1,3,2,2,3,4,4,2,3,4,3,2,3,4,3,3,2,3,3,2,4,1,3,4,2,1,1,2,1,1,2,,1,,1,,5,,1,1,,経済,Economics,1,,0,,,,,0,,,年齢不詳
K,1,1,16,2,1,2,4,2,2,2,2,4,2,1,3,3,3,4,4,2,1,3,2,3,3,1,3,4,4,4,4,4,3,2,2,1,2,2,1,1,2,1,1,1,2,3,2,3,1,4,2,2,1,19,1,,1,,1,,1,1,,学校教育学類,Education,1,,0,,,,,0,,,
K,1,1,17,2,2,5,2,3,2,2,4,2,2,2,4,2,3,3,4,,5,4,3,2,3,3,4,1,3,2,2,4,2,2,4,1,2,2,1,1,4,1,1,1,3,4,4,3,2,5,1,2,2,18,1,,1,,1,,1,1,,人間社会地域創造,,1,,0,,,,,0,,,IS17 重複
K,1,1,18,2,2,2,3,2,3,2,2,3,3,3,3,3,2,3,3,2,1,3,1,1,3,1,3,3,3,3,3,3,3,3,2,2,2,2,2,2,3,1,1,1,3,2,2,3,2,3,3,3,1,19,1,,1,,1,,1,1,,地域創造学類,,1,,1,英語,2,3,,0,,,
K,1,1,19,2,3,3,3,2,2,4,4,3,2,2,3,3,3,3,3,2,1,3,2,2,3,1,2,3,4,2,3,2,3,2,1,1,2,2,1,2,2,1,1,1,3,3,2,2,2,3,2,4,2,19,1,,1,,1,,1,1,,地域創造学類,,1,,1,英語、フランス語,1,7,,0,,,
K,1,1,20,2,2,2,4,3,2,1,2,3,2,2,1,4,2,3,5,2,1,4,2,2,3,1,3,3,2,4,3,3,3,3,4,1,2,3,1,2,1,2,1,1,3,3,3,3,2,3,3,4,1,20,1,,1,,1,,1,1,,地域創造学類,,1,,1,英語、中国語,2,2,,1,2,,
K,1,1,21,2,2,3,3,3,2,2,3,3,3,3,3,2,3,3,3,2,2,3,2,3,3,2,3,3,3,2,3,3,3,2,2,3,3,3,2,2,2,2,1,1,3,3,3,3,3,3,2,3,1,19,1,,1,,1,,1,1,,決まっていない。,,1,,1,英語、フランス語,2,2,,0,,,
K,1,1,22,2,3,4,4,3,2,3,3,2,2,3,4,2,2,3,4,2,1,2,2,2,4,1,4,2,4,3,4,4,2,2,2,2,2,2,1,2,4,2,1,1,3,1,3,3,2,4,2,3,2,19,1,,1,,7,特にこれといったものはない,1,1,,まだ未定,,1,,1,英語、中国語,2,2,,0,,,
K,1,1,23,2,4,2,4,2,2,2,3,4,3,2,3,4,2,2,3,3,1,5,4,3,3,3,3,2,4,4,4,4,3,2,3,2,2,2,1,2,3,1,1,1,4,4,3,3,1,5,2,4,2,19,1,,1,,6,,1,1,,教育学類,Education,1,,0,,,,,0,,,
K,1,1,24,3,2,3,3,3,3,2,2,3,3,3,3,3,3,3,2,1,1,3,1,2,2,1,3,3,2,2,2,3,2,2,2,3,2,2,1,2,2,2,2,1,3,4,3,3,2,2,2,2,2,19,1,,1,,6,,1,1,,地域創造,,1,,0,,,,,0,,,
K,1,1,25,2,2,4,4,4,3,2,2,5,4,4,4,3,2,4,3,2,1,4,2,4,3,3,4,4,3,2,4,4,4,4,4,4,4,3,1,3,3,3,1,1,3,4,3,4,3,3,2,4,1,19,1,,1,,1,,1,1,,学校教育学類　音楽専修,Education,1,,1,,2,3,,1,1,,母国語の他に使えるコミュニケーションの手段　不明
K,1,1,26,2,1,2,4,2,2,2,2,4,3,3,3,2,2,3,3,1,1,3,2,3,3,1,3,5,2,2,3,3,3,3,2,1,3,2,2,2,3,1,1,1,3,4,3,4,3,3,3,2,1,19,1,,1,,1,,1,1,,教育学類　家政専修,Education,1,,1,英語,2,2,,0,,,
K,1,1,27,2,1,2,5,3,3,2,2,3,3,3,4,3,2,3,3,2,1,3,2,3,3,2,4,3,4,2,3,4,3,3,2,2,4,2,2,2,3,3,2,1,3,3,4,3,2,3,2,3,1,19,1,,1,,6,,1,1,,地域創造学類　福祉マネジメントコース,,1,,0,,,,,1,2,,
K,1,1,28,3,2,4,4,3,3,2,2,3,3,3,3,2,2,3,3,2,1,3,2,3,3,2,3,3,3,2,3,3,3,3,2,2,3,3,2,2,2,2,2,2,3,3,3,4,3,3,3,3,1,19,1,,1,,,,1,1,,経済学類,Economics,1,,1,英語,2,2,,1,5,学校の行事,信仰する宗教　不明
K,1,1,29,3,2,2,5,4,2,4,2,5,2,2,3,2,2,3,2,2,1,3,1,5,1,1,5,5,5,2,5,5,2,2,2,2,4,4,3,2,2,2,1,1,3,2,3,4,2,4,2,2,1,19,1,,1,,1,,1,1,,人間社会学域　学校教育学類　教育基礎専修,,1,,0,,,,,0,,,
K,1,1,30,2,1,1,5,3,3,2,3,3,3,1,3,4,2,4,4,3,1,4,1,3,2,3,3,2,3,2,3,5,4,4,5,4,4,4,5,5,1,4,1,3,3,3,2,3,3,4,3,3,1,19,1,,1,,6,,1,1,,地域創造,,1,,0,,,,,1,2,,
K,1,1,31,2,1,3,4,2,2,2,4,3,2,2,2,4,4,2,2,2,1,3,2,2,3,1,2,1,3,3,2,3,4,2,3,2,1,2,1,3,1,3,2,1,3,3,2,2,2,4,1,3,1,19,1,,1,,1,,1,1,,地域創造学類,,1,,1,英語、韓国語,1,2,,2,1,,
K,1,2,1,3,2,3,4,2,2,5,3,4,4,4,4,3,2,2,3,2,1,4,4,3,4,1,4,2,3,3,3,3,3,3,2,1,3,4,2,2,4,4,2,2,3,3,3,3,2,3,2,2,1,19,1,,1,,1,,1,1,,法学部,,1,,1,英語,3,7,,1,2,,
K,1,2,2,2,2,2,4,3,2,2,2,2,2,2,3,3,3,2,3,3,1,3,3,2,2,1,3,2,3,3,3,3,2,2,2,1,2,2,3,2,2,1,1,1,2,3,2,2,1,4,2,3,1,19,1,,1,,1,,1,1,,地域創造学類,,1,,1,英語、韓国語,1,4,,0,,,
K,1,2,3,2,2,2,3,2,2,2,2,4,2,2,4,3,2,2,4,3,1,3,1,2,2,1,3,1,3,3,4,3,2,2,2,2,3,1,1,2,3,1,1,1,3,1,3,2,2,4,1,3,1,19,1,,1,,,,1,1,,人間社会学域地域創造学類,,1,,0,,,,,0,,,信仰する宗教　不明
K,1,2,4,2,2,2,4,2,3,2,2,4,3,2,4,4,3,3,4,1,1,4,2,2,3,1,4,2,2,3,4,4,3,2,1,3,2,2,1,2,2,2,1,1,3,4,1,2,2,5,1,4,1,20,1,,1,,1,,1,1,,人間社会学域　経済学類,,1,,1,英語、中国語,2,2,,1,2,,
K,1,2,5,2,1,3,4,3,4,2,,4,2,3,3,3,2,3,3,2,1,4,2,2,3,2,3,3,3,3,3,4,3,3,3,1,2,2,2,2,2,5,1,5,3,3,3,2,2,5,3,4,2,19,1,,1,,5,,1,1,,教育学英語コース,,1,,1,,2,3,,1,1,,IS08　無回答、母国語の他に使えるコミュニケーションの手段　不明
K,1,2,6,3,1,2,4,2,2,2,4,3,1,2,3,2,3,2,3,3,1,4,4,3,2,1,4,2,3,3,4,4,3,2,4,2,2,2,1,4,4,1,1,1,4,3,2,3,2,4,3,3,2,19,1,,1,,6,,1,1,,経済,,1,,1,英語,1,4,,0,,,
K,1,2,7,2,2,3,3,2,2,3,2,2,2,3,4,4,2,3,4,2,5,4,2,2,2,2,3,3,2,3,2,3,3,3,2,2,3,2,1,2,3,3,2,1,3,3,3,3,2,4,3,3,1,,1,,1,,1,,1,1,,地域創造,,1,,0,,,,,1,2,,年齢不詳
K,1,2,8,2,2,2,4,2,1,4,1,5,3,1,3,4,4,3,2,1,1,5,1,1,4,2,5,1,4,3,5,5,3,2,1,1,4,2,1,3,3,3,1,1,5,3,3,4,1,5,2,4,1,19,1,,1,,6,,1,1,,学校教育学類,,1,,1,英語,2,2,,2,1,,
K,1,2,9,2,2,2,5,2,4,3,1,3,3,4,4,5,3,4,2,2,1,5,2,2,2,4,4,2,3,2,4,4,5,4,1,1,2,1,1,3,3,4,4,1,5,5,2,4,2,5,1,4,1,19,1,,1,,1,,1,1,,地域創造学類,,1,,1,英語,2,2,,1,1,,
K,1,2,10,2,2,2,5,3,2,3,3,5,2,3,4,2,2,3,3,3,1,3,2,3,3,1,5,3,3,2,4,5,4,3,3,2,4,4,2,3,3,1,1,1,5,3,3,4,3,4,3,3,2,19,1,,1,,1,,1,1,,経済,,1,,0,,,,,0,,,
K,1,2,11,2,2,2,3,3,2,2,3,2,2,2,3,3,3,3,3,2,1,5,2,3,1,1,2,4,2,3,4,4,3,2,2,2,3,3,2,2,2,2,2,2,3,3,3,3,3,5,2,5,2,19,1,,1,,6,,1,1,,経済学類,,1,,1,英語,2,2,,0,,,
K,1,2,12,2,2,2,4,2,2,2,3,4,2,3,3,4,3,3,4,2,1,4,2,2,3,1,3,2,2,3,4,3,3,2,2,2,2,2,2,3,4,2,1,1,3,3,2,3,2,4,3,3,2,19,1,,1,,1,,1,1,,学校教育学類,,1,,0,,,,,0,,,
K,1,2,13,1,2,2,5,4,4,2,2,4,5,4,2,3,2,4,3,2,1,5,2,2,4,3,5,2,4,2,4,4,4,5,4,2,3,3,2,3,5,4,2,1,5,4,3,3,3,4,2,4,2,18,1,,1,,1,,1,1,,総合教育部（文系）,,1,,1,英語,2,2,,1,5,高校の選抜修学旅行,
K,1,2,14,2,1,4,5,3,3,1,2,3,3,4,4,4,3,2,3,2,1,3,3,3,3,1,4,2,3,2,3,4,3,2,1,1,4,3,2,1,2,3,1,1,3,3,3,5,4,4,2,3,2,19,1,,1,,1,,1,1,,学校教育学類　社会科専修,,1,,1,英語,2,2,,1,5,高校の研修旅行,
K,1,2,15,2,4,3,2,3,3,1,2,2,3,4,2,3,4,3,2,1,1,3,1,1,2,4,3,1,3,2,3,3,3,3,4,2,3,3,3,4,4,2,1,1,3,4,3,4,3,5,3,5,1,,1,,1,,1,,1,1,,文系一括,,1,,1,英語、ドイツ語,ドイツ語　２、英語　３,2,,1,5,高校の修学旅行,年齢不詳
K,1,2,16,2,1,3,4,2,2,1,3,3,2,2,5,3,2,2,3,1,1,2,1,2,2,1,4,1,5,2,4,4,3,2,1,1,4,3,3,2,2,5,5,1,5,5,3,2,3,5,3,5,1,20,1,,1,,,分からない,1,1,,決まっていない,,1,,1,英語,2,1,,1,4,,
K,1,2,17,2,1,4,5,4,2,2,2,4,4,4,4,4,4,4,3,3,1,4,2,2,4,2,4,4,2,2,3,4,4,4,4,2,4,3,2,3,4,5,3,2,5,4,3,4,3,5,2,4,1,19,1,,1,,7,神道,1,1,,総合教育文系,,1,,1,英語、フランス語,2,3,,2,"2,5",ファームステイ,
K,1,2,18,2,2,1,3,2,2,2,4,4,4,3,4,4,4,3,4,3,3,3,4,4,4,4,4,3,3,4,4,4,3,3,3,2,2,3,4,2,3,4,3,3,3,2,4,3,3,3,4,4,1,19,1,,1,,6,,1,1,,経済学類,,1,,1,韓国語、英語,2,6,,3,4,,
K,1,2,19,2,3,2,2,2,1,2,4,4,3,2,4,2,1,2,4,4,1,4,1,4,3,1,2,3,4,4,5,2,3,4,2,2,2,1,1,3,3,1,1,1,3,4,3,4,1,3,2,4,3,18,1,,1,,,,1,1,,,,1,,1,,2,2,,0,,,信仰している宗教　無回答、専攻　無回答、母国語の他に使えるコミュニケーションの手段　不明
K,1,2,20,2,2,5,5,3,2,3,3,2,4,3,3,3,2,2,4,2,1,4,1,2,3,1,4,1,4,3,4,3,2,2,2,2,2,1,1,3,4,2,1,1,3,4,3,4,2,4,2,4,1,20,1,,1,,6,,1,1,,経済学部,,1,,1,英語,2,3,,0,,,
K,1,2,21,1,3,4,4,2,3,3,4,5,3,4,4,4,2,2,4,4,1,4,2,4,1,2,5,5,4,3,5,4,4,2,3,2,4,3,1,2,2,3,1,1,4,4,4,5,3,4,2,4,2,19,1,,1,,1,,1,1,,地域創造学類,,1,,1,英語,2,2,,1,1,,
K,1,2,22,2,1,2,5,2,1,2,2,3,2,2,4,2,4,2,3,4,1,4,1,2,4,1,5,2,5,2,4,5,3,3,1,1,3,2,3,1,3,2,2,1,4,3,2,3,1,5,2,4,1,19,1,,1,,5,神道,1,1,,未定,,1,,1,,2,6,,1,5,高校の修学旅行,母国語の他に使えるコミュニケーションの手段　不明
K,1,2,23,2,1,3,4,2,3,3,3,4,2,2,4,4,4,3,4,2,1,4,2,2,3,1,3,2,3,3,4,4,2,2,3,1,2,1,2,2,2,1,1,1,3,2,1,3,1,4,1,4,1,19,1,,1,,6,,1,1,,地域創造学類,,1,,0,,,,,1,5,高校の修学旅行,
K,1,3,1,2,1,2,3,3,3,2,2,3,2,2,2,1,2,2,4,2,1,3,3,2,2,1,3,2,2,4,3,2,2,2,3,1,2,2,1,1,3,3,1,1,2,3,2,3,2,4,1,1,1,19,1,,1,,1,,1,1,,経済,,1,,1,中国語,1,2,,1,1,,
K,1,3,2,4,1,2,3,1,1,3,3,1,1,2,5,4,2,4,5,5,1,4,2,3,3,1,2,1,3,4,3,3,2,1,1,1,1,1,1,1,2,1,1,1,1,4,1,3,1,5,1,4,2,19,1,,1,,1,,1,1,,人間社会学域経済学類,,1,,0,,,,,0,,,
K,1,3,3,2,2,3,4,2,3,4,3,3,2,2,3,3,2,3,4,2,1,4,3,3,3,2,3,4,2,3,3,3,2,2,2,2,3,2,1,2,3,1,1,1,2,3,3,3,2,3,2,2,1,19,1,,1,,1,,1,1,,経済,,1,,1,英語、韓国語,2,2,,0,,,
K,1,3,4,2,1,3,3,2,2,2,4,1,5,3,4,3,4,1,5,3,1,4,1,5,5,1,4,3,4,3,2,2,5,2,1,1,2,2,1,2,1,1,1,1,2,1,4,5,2,4,2,5,2,19,1,,1,,6,,1,1,,,,1,,0,,,,,0,,,専攻　無回答
K,1,3,5,2,2,4,3,4,2,3,3,3,3,2,4,5,2,4,2,4,3,2,3,4,3,4,4,5,5,4,4,4,4,4,4,2,4,3,3,4,4,3,3,4,3,2,3,3,4,5,5,3,2,20,1,,1,,6,,1,1,,経済,,1,,0,,,,,2,2,,
K,1,3,6,3,1,2,5,2,2,3,1,4,4,3,2,4,4,3,4,2,1,4,2,3,4,3,4,3,3,2,4,4,4,3,3,2,3,3,2,2,2,5,4,2,3,4,3,4,3,5,2,3,2,20,1,,1,,7,なし,1,1,,経済,,1,,1,英語,2,7,,2,"1,2",,
K,1,3,7,4,2,3,4,2,2,3,4,3,2,2,3,4,3,3,4,2,1,3,2,2,2,2,3,2,3,4,5,3,2,2,1,2,1,2,2,2,2,1,1,1,3,4,2,4,2,3,1,2,1,19,1,,1,,,,1,1,,経済,,1,,0,,,,,0,,,信仰している宗教　無回答
K,1,3,8,2,1,2,5,2,3,1,1,4,5,5,5,5,4,5,5,1,1,5,2,3,3,1,5,5,5,3,5,5,3,3,2,3,5,5,1,3,3,1,1,1,3,5,5,5,3,5,3,5,1,19,1,,1,,1,,1,1,,経済,,1,,1,英語,2,7,,0,,,
K,1,3,9,4,1,2,3,2,2,2,3,3,2,2,4,3,3,3,3,2,1,4,1,1,3,1,3,2,3,2,3,4,2,2,1,1,2,1,5,2,2,1,1,1,3,2,2,2,1,5,1,4,2,19,1,,1,,1,,1,1,,経済学,,1,,1,英語,2,2,,0,,,
K,1,3,10,2,2,2,5,4,4,2,1,5,2,3,4,4,1,5,4,4,5,4,1,2,4,4,4,4,4,2,4,5,5,4,4,2,4,4,4,4,5,5,5,1,5,5,5,5,5,5,4,4,1,18,1,,1,,,,1,1,,経済,,1,,1,英・仏・手話,2,2,,4,"1,2,4",,信仰している宗教　無回答
K,1,3,11,3,2,3,4,2,3,1,4,4,2,3,3,5,2,3,4,3,5,4,2,2,3,2,4,1,4,5,5,4,2,2,2,2,2,2,2,2,4,5,1,1,4,4,2,5,3,5,2,2,2,19,1,,1,,6,,1,1,,経済学域,,1,,0,,,,,8,5,親の転勤,
K,1,3,12,1,2,3,1,2,5,5,2,4,2,3,2,5,5,1,5,5,1,5,2,2,4,1,5,2,3,2,5,5,4,1,3,2,5,3,1,2,1,1,1,1,3,5,3,5,2,5,2,5,2,19,1,,1,,1,,1,1,,学校教育学類,,1,,0,,,,,1,2,,
K,1,3,13,1,1,1,5,2,5,3,2,5,1,5,3,4,2,4,5,1,1,5,3,2,1,1,4,1,5,5,5,4,4,3,4,1,3,2,2,1,5,1,1,1,2,5,4,5,2,5,2,1,1,19,1,,1,,1,,1,1,,人間社会・学校教育,,1,,0,,,,,0,,,
K,1,3,14,2,2,4,3,3,3,3,3,3,3,3,3,3,3,3,3,3,3,3,3,3,3,3,3,3,3,2,3,3,3,3,3,3,3,3,3,3,3,3,3,3,3,3,3,3,3,3,3,3,1,19,1,,1,,1,,1,1,,学校教育,,1,,0,,,,,0,,,
K,1,3,15,2,2,3,4,4,2,2,1,4,3,3,2,2,2,4,2,2,1,4,2,2,3,1,4,3,2,1,3,5,4,4,4,3,4,4,2,2,3,5,4,2,4,4,4,4,4,4,2,4,1,19,1,,1,,1,,1,1,,人間社会学域学校教育学類特別支援教育専修,,1,,1,英語、手話,2,2,,2,"1,2",,
K,1,3,16,4,4,4,5,4,2,4,2,4,4,4,5,5,5,5,5,2,1,4,1,4,4,1,4,4,4,5,5,5,2,2,4,4,4,1,1,2,4,1,1,1,4,4,4,4,4,2,4,4,2,19,1,,1,,1,,1,1,,学校教育学基礎専修,,1,,0,,,,,1,,,海外渡航目的　無回答
K,1,3,17,3,1,4,4,3,2,2,2,4,1,3,4,4,1,3,4,1,1,5,3,2,2,2,4,2,3,2,4,4,3,4,2,2,3,3,1,2,3,3,1,1,4,5,3,3,2,5,2,3,2,19,1,,1,,1,,1,1,,人間社会学域学校教育学類,,1,,1, ,2,2,,1,5,高校の修学旅行,母国語の他に使えるコミュニケーションの手段　不明
K,1,3,18,2,4,2,4,2,2,3,2,3,3,2,3,3,2,2,2,3,1,4,2,2,3,3,4,3,3,3,4,4,2,2,4,2,3,2,1,2,3,4,2,1,3,3,2,3,1,4,2,3,1,18,1,,1,,1,,1,1,,学校教育学類,,1,,0,,,,,1,5,高校の修学旅行（研究発表）,
K,1,3,19,2,4,1,5,4,3,2,2,4,3,3,2,2,4,3,5,3,1,3,2,1,1,1,3,3,3,3,4,4,3,2,2,2,3,2,2,1,2,1,1,1,3,3,2,3,2,5,3,4,1,18,1,,1,,1,,1,1,,学校教育,,1,,1,,2,3,,0,,,母国語の他に使えるコミュニケーションの手段　不明
K,1,3,20,3,2,3,4,2,3,2,3,3,2,2,3,3,3,2,3,2,1,3,2,2,2,1,3,1,3,3,3,3,2,2,2,1,3,2,1,2,2,1,1,1,3,3,2,3,2,4,1,3,1,19,1,,1,,1,,1,1,,人間社会学域　学校教育学類,,1,,1,英語,2,2,,0,,,
K,1,3,21,3,2,3,2,2,2,2,3,3,2,2,3,4,3,2,4,2,1,4,2,2,4,1,3,5,4,3,3,3,2,2,2,2,3,2,1,1,2,1,1,1,2,4,3,3,1,4,1,1,1,18,1,,1,,7,神道,1,1,,学校教育学類,,1,,0,,,,,0,,,
K,1,3,22,1,1,2,4,2,4,2,1,4,4,3,2,2,1,4,3,4,1,4,2,2,2,1,4,2,5,3,4,4,3,3,2,2,3,2,1,5,5,2,1,1,5,3,2,2,3,3,2,4,2,18,1,,1,,"1,7",神道,1,1,,総合教育部文系,,1,,1,英語、フランス語,2,2,,0,,,
K,1,3,23,4,4,3,4,3,3,2,1,3,3,3,3,3,3,3,4,2,1,4,2,4,3,2,3,2,4,2,4,4,4,2,1,1,3,2,3,4,4,1,1,1,5,3,2,3,2,5,1,3,2,20,1,,1,,,,1,1,,総合教育部（文系）,,1,,1,英語,2,2,,0,,,信仰している宗教　無回答
K,1,3,24,4,4,2,5,2,2,4,3,4,4,3,4,4,3,4,5,4,1,4,2,2,4,1,3,4,4,4,4,3,1,4,1,4,2,1,1,3,3,1,1,1,3,3,2,2,2,4,4,4,2,18,1,,1,,2,,1,1,,総合教育部,,1,,0,,,,,1,2,,
K,1,3,25,3,2,3,5,3,2,3,3,3,3,3,3,3,3,3,3,3,3,3,3,3,3,3,3,3,3,2,3,3,3,2,3,2,2,3,2,2,2,2,2,2,3,3,3,2,2,3,2,3,2,,1,,1,,6,,1,1,,総合教育部　文系一括,,1,,0,,,,,0,,,年齢不詳
K,1,3,26,3,1,2,4,3,2,2,1,4,2,2,4,2,2,3,3,1,1,4,2,2,2,1,4,4,4,2,4,5,4,3,3,1,2,3,2,2,2,1,1,1,3,2,1,1,1,4,2,3,1,19,1,,1,,6,,1,1,,学校教育学類英語教育専修,,1,,1,英語,3,2,,0,,,
K,1,3,27,2,2,3,3,2,2,3,2,3,2,2,2,3,3,3,3,3,1,3,3,3,2,2,2,2,3,3,3,3,3,3,2,2,2,2,2,2,2,2,2,1,3,3,2,2,2,3,2,3,2,19,1,,1,,1,,1,1,,総合教育部,,1,,0,,,,,2,2,,
K,1,3,28,2,2,4,4,4,1,4,2,3,3,3,4,4,2,2,4,3,1,4,4,1,3,2,3,2,4,3,4,3,3,3,4,3,2,2,2,2,3,4,1,1,2,3,2,3,2,4,2,3,1,20,1,,1,,1,,1,1,,学校教育,,1,,1,,2,5,,1,5,高校の修学旅行,母国語の他に使えるコミュニケーションの手段　不明
K,1,4,1,2,2,2,3,3,1,2,1,3,2,2,3,4,2,2,3,2,1,3,2,2,1,1,3,3,4,3,4,3,2,1,2,2,2,2,1,2,3,1,1,1,3,3,2,2,2,5,2,3,2,19,1,,1,,1,,1,1,,経済,,1,,0,,,,,0,,,
K,1,4,2,3,1,2,3,2,4,2,4,2,2,2,4,3,2,2,4,3,1,3,1,1,2,2,3,2,4,4,4,3,2,4,2,3,1,1,4,1,2,2,1,1,3,2,1,3,1,3,2,4,2,19,1,,1,,1,,1,1,,総合教学学部　文系,,1,,1,汉語,1,7,,2,5,中学・高校の修学旅行,
K,1,4,3,3,2,3,2,2,2,2,3,4,3,1,2,4,2,3,4,3,2,3,2,4,3,1,1,2,1,2,2,2,1,2,3,3,4,3,3,3,5,3,2,4,3,1,3,3,3,2,3,4,2,19,1,,1,,7,神道,1,1,,経済,,1,,0,,,,,0,,,
K,1,4,4,3,2,3,4,4,5,2,1,2,1,2,3,2,2,3,2,5,1,3,2,2,3,1,2,2,3,2,4,3,2,2,2,3,4,4,5,4,4,5,5,1,2,1,3,3,1,2,2,4,2,19,1,,1,,5,,1,1,,教育学部音楽科音楽教育専攻,,1,,1,英語、イタリア語、ドイツ語,"1,3",1,,6,5,,渡航目的　詳細不明
K,1,4,5,2,3,1,4,2,1,2,1,5,4,3,4,3,2,4,4,3,1,4,2,2,4,1,4,5,3,3,5,4,3,3,3,2,3,2,1,4,4,1,1,1,3,4,1,5,3,4,4,5,2,19,1,,1,,6,,1,1,,人間社会学域　地域創造学類,,1,,1,英語,2,2,,0,,,
K,1,4,6,3,2,3,2,3,3,2,2,3,4,3,3,3,3,3,2,2,1,3,3,3,3,2,3,2,3,2,3,3,3,3,3,1,3,3,2,3,3,3,4,1,4,2,3,3,3,3,3,3,1,20,1,,1,,1,,1,1,,総合教育部文系,,1,,0,,,,,3,2,,
K,1,4,7,2,2,3,3,3,4,2,2,2,2,3,3,2,4,3,4,2,1,3,2,2,2,1,3,2,3,3,3,3,2,2,3,1,2,1,1,2,2,1,1,1,2,3,2,2,2,4,2,3,1,18,1,,1,,1,,1,1,,人間社会学域地域創造学類,,1,,0,,,,,1,5,中学の部活動で,
K,1,4,8,2,2,2,2,4,4,2,4,4,2,2,4,2,2,2,4,2,1,4,2,2,4,2,4,5,4,2,3,4,2,2,2,1,2,2,1,1,2,1,1,1,3,3,3,3,2,4,2,4,1,19,1,,1,,6,,1,1,,人間社会学域学校教育学類特別支援専攻,,1,,1,英語,2,2,,0,,,
K,1,4,9,2,4,2,4,3,1,2,2,3,4,2,3,2,3,3,3,2,1,4,1,2,4,1,4,1,3,2,5,4,2,2,2,2,3,2,1,3,3,1,1,1,4,4,4,4,3,5,3,4,1,20,1,,1,,,,1,1,,地域創造学類,,1,,1,英語、ロシア語,1,2,,0,,,信仰している宗教　無回答
K,1,4,10,2,2,2,3,2,3,2,2,3,2,2,4,3,3,3,3,2,1,4,2,2,2,1,4,2,2,2,3,3,2,2,3,2,2,2,1,2,2,1,1,1,3,3,3,3,2,4,2,4,1,19,1,,1,,7,神道,1,1,,学校教育　保健体育,,1,,1,英語,2,3,,0,,,
K,1,4,11,2,2,2,3,2,3,3,2,3,2,1,3,2,2,2,4,2,1,3,2,2,4,1,2,3,3,3,3,3,2,2,1,2,2,2,1,2,3,3,1,1,3,2,1,2,1,4,2,3,2,18,1,,1,,1,,1,1,,学校教育学類,,1,,1,英語,2,3,,1,5,高校の研修,
K,1,4,12,2,1,3,5,4,2,2,1,5,3,4,4,3,4,5,3,2,1,4,2,4,2,1,5,1,2,1,2,5,5,5,4,2,4,3,1,2,4,4,1,1,4,4,3,5,3,5,2,2,1,19,1,,1,,6,,1,1,,経済,,1,,1,英語,2,2,,2,"1,2",,
K,1,4,13,1,2,2,4,2,2,1,2,3,2,2,1,4,2,3,3,1,1,4,1,4,2,2,4,4,4,2,5,4,2,3,3,1,1,1,1,2,4,1,1,1,3,4,1,1,1,5,2,5,1,,1,,1,,7,神道,1,1,,国際基幹教育院　総合教育部文系,,1,,1,,2,2,,0,,,年齢不詳
K,1,4,14,1,1,3,5,4,2,3,2,5,2,3,5,3,3,3,1,2,5,5,1,3,5,5,5,1,5,1,2,5,5,5,5,3,5,5,2,5,4,5,5,1,5,4,4,4,3,5,4,4,2,20,1,,1,,6,,1,1,,経済,,1,,1,英語、中国語、スペイン語,2,7,,50,"1,2,4",,
K,1,4,15,2,1,2,4,4,2,2,3,2,3,2,4,4,3,2,2,2,1,3,2,2,2,1,3,2,2,2,3,3,2,2,2,2,2,3,2,2,2,1,1,1,3,3,3,3,2,3,2,2,2,19,1,,1,,1,,1,1,,地域創造学類,,1,,1,,3,3,,0,,,母国語の他に使えるコミュニケーションの手段　不明
K,1,4,16,2,2,2,3,2,2,2,3,2,2,2,3,3,2,2,4,3,1,3,2,2,2,1,3,2,3,3,4,3,2,2,1,2,2,1,1,1,2,1,1,1,2,2,2,2,1,3,2,4,1,19,1,,1,,6,,1,1,,,,1,,0,,,,,0,,,専攻　無回答
K,1,4,17,1,2,2,3,4,1,1,2,3,4,5,4,3,1,2,3,5,1,4,3,2,2,1,4,2,4,2,3,4,2,4,2,1,3,3,4,4,3,2,1,1,3,4,3,4,2,5,5,4,2,18,1,,1,,6,,1,1,,地域創造学類,,1,,0,,,,,0,,,
K,1,4,18,2,2,3,4,2,3,2,2,3,2,3,4,3,2,3,3,2,1,3,2,3,3,1,3,3,3,3,4,3,3,3,1,2,2,1,1,2,3,1,1,1,3,3,2,2,2,3,2,3,1,19,1,,1,,6,,1,1,,地域創造学,,1,,0,,,,,0,,,
K,1,4,19,2,1,2,4,3,4,1,2,4,2,1,3,4,1,2,3,1,1,3,2,4,4,1,3,1,2,2,4,4,2,2,2,1,2,2,1,1,2,4,3,1,4,4,3,5,2,5,1,4,1,19,1,,1,,1,,1,1,,経済,,1,,1,,2,3,,3,"1,2",,母国語の他に使えるコミュニケーションの手段　不明
K,1,4,20,22,2,3,4,2,2,5,4,4,2,2,2,4,2,3,3,2,1,4,3,3,2,2,2,2,3,2,4,4,4,4,4,2,3,1,1,1,2,1,1,1,4,4,2,2,3,3,2,3,1,18,1,,1,,5,,1,1,,経済学類,,1,,1,英語,2,2,,2,"2,4",,
K,1,4,21,2,1,2,4,2,2,2,3,4,3,2,3,3,3,2,3,2,1,4,1,2,3,1,3,3,3,4,4,4,2,2,2,2,2,2,1,2,2,2,1,1,3,3,2,4,2,5,2,3,1,19,1,,1,,6,,1,1,,教育学部,,1,,0,,,,,1,5,高校の修学旅行,
K,1,4,22,2,1,1,4,1,1,1,4,2,1,2,1,1,1,1,3,1,1,4,1,1,3,1,4,1,4,4,4,4,,4,,1,1,1,1,1,1,1,1,1,3,3,3,1,1,4,1,1,1,18,1,,1,,6,,1,1,,人間社会学域学校教育学類,,1,,0,,,,,0,,,GC05 重複、GC07 無回答
K,1,4,23,3,2,4,2,3,4,5,2,4,3,5,3,4,3,4,5,4,4,3,4,4,5,4,4,4,4,4,3,4,4,4,4,5,3,4,4,4,5,4,4,4,4,4,4,3,4,4,4,4,2,19,1,,1,,6,,1,1,,なし,,1,,1,,2,2,,0,,,母国語の他に使えるコミュニケーションの手段　不明
K,1,4,24,2,2,3,4,2,3,3,3,3,2,2,4,3,2,2,3,2,1,3,2,2,3,1,3,2,3,3,3,3,2,3,2,1,2,2,3,2,2,2,1,1,3,3,2,3,2,4,2,3,2,19,1,,1,,1,,1,1,,,,1,,0,,,,,1,5,修学旅行,専攻　無回答
K,1,4,25,2,2,3,4,3,5,2,2,5,4,4,4,4,2,5,3,2,1,4,2,5,5,1,5,5,3,3,4,5,4,4,3,2,4,3,1,2,4,4,2,1,4,5,2,4,4,4,4,4,,,,,,,,,,,,,,,,,,,,,,,,Demographics 無回答
K,1,4,26,2,2,2,3,2,2,3,2,2,2,3,3,3,3,3,3,2,1,3,2,2,2,1,2,2,3,2,2,2,2,2,3,2,2,2,2,2,2,2,1,1,2,2,2,2,2,2,2,2,2,18,1,,1,,1,,1,1,,経済,,1,,1,英語,2,7,,0,,,
K,1,4,27,2,2,,,2,2,3,2,2,3,2,2,3,2,2,2,2,1,2,2,2,2,1,2,2,2,2,2,2,2,2,2,2,2,1,1,2,2,1,1,1,2,2,2,2,2,3,2,2,2,19,1,,1,,7,特にない,1,1,,経済,,1,,1,英語,1,2,,0,,,IS03　重複、IS04　無回答
K,1,4,28,1,1,3,5,1,4,2,5,5,4,4,5,5,5,5,5,4,1,4,2,4,4,4,4,4,4,2,3,4,5,4,2,1,3,4,4,3,4,4,5,5,2,2,2,2,1,2,2,3,2,19,1,,1,,1,,1,1,,経済学,,1,,0,,,,,0,,,
K,1,5,1,4,2,2,3,1,4,1,4,4,4,1,3,2,2,3,4,2,1,3,2,2,3,1,2,2,4,3,3,2,1,1,2,1,2,3,3,2,4,1,1,1,3,3,3,4,2,4,2,4,2,19,1,,1,,1,,1,1,,経済学類,,1,,0,,,,,0,,,
K,1,5,2,2,2,2,4,3,4,3,2,4,3,3,3,2,2,3,3,2,1,4,2,2,2,1,4,2,2,2,4,3,3,3,3,2,3,2,2,2,3,1,1,1,3,3,2,3,2,4,2,3,2,19,1,,1,,5,,1,1,,人間社会学域　経済学類,,1,,1,英語,2,3,,0,,,
K,1,5,3,4,2,3,5,2,2,3,2,4,3,2,3,3,2,2,3,2,1,3,2,2,4,1,4,3,3,3,4,3,2,2,2,1,3,2,1,2,3,1,1,1,4,5,2,3,1,5,2,4,2,19,1,,1,,1,,1,1,,経済学類,,1,,0,,,,,0,,,
K,1,5,4,2,2,3,4,2,2,2,2,3,2,2,4,4,4,4,3,2,1,3,1,2,2,1,2,2,4,2,4,4,2,4,3,2,3,2,2,2,3,1,1,1,4,3,3,4,2,4,2,4,2,19,1,,1,,1,,1,1,,経済,,1,,1,英語,2,2,,0,,,
K,1,5,5,2,2,2,4,3,2,3,2,4,2,3,2,2,4,3,3,1,5,3,2,2,4,1,3,3,4,2,2,3,4,3,2,1,4,3,1,3,2,4,3,1,4,4,3,4,3,5,2,2,1,19,1,,1,,1,,1,1,,地域創造学類,,1,,1,フランス語,1,2,,1,5,修学旅行,
K,1,5,6,2,1,2,4,2,2,1,3,3,2,3,4,3,4,3,4,3,1,4,2,2,3,1,4,3,3,3,4,4,2,3,2,1,2,1,4,1,1,1,1,1,3,2,3,4,2,5,2,3,1,19,1,,1,,6,,1,1,,人間社会学域　地域創造学類,,1,,0,,,,,0,,,
K,1,5,7,2,3,3,4,3,4,1,3,3,1,3,2,3,2,4,2,4,3,3,2,4,2,4,2,4,1,3,4,2,4,2,4,2,3,3,3,4,2,4,2,5,3,3,4,3,2,4,3,3,2,20,1,,1,,1,,1,1,,人間社会学部　経済学域,,1,,0,,,,,0,,,
K,1,5,8,4,3,4,5,3,4,2,2,4,4,4,4,3,2,4,4,3,1,4,2,,2,1,2,3,5,4,4,4,4,4,2,4,3,3,2,2,3,3,2,1,2,3,3,3,3,3,3,3,2,19,1,,1,,1,,1,1,,学校教育学類　数学専修,,1,,0,,,,,1,5,,IS21 無回答
K,1,5,9,1,2,3,5,4,2,3,3,2,4,3,2,4,3,3,3,2,1,3,2,1,3,1,4,1,3,2,4,5,5,4,4,4,5,3,3,5,4,2,1,1,4,3,3,3,3,4,4,4,2,20,1,,1,,1,,1,1,,総合教育部文系,,1,,1,英語,2,1,,0,,,
K,1,5,10,2,2,2,5,4,4,2,4,2,2,3,3,2,2,3,4,2,1,5,1,2,2,5,5,2,2,2,5,5,5,4,4,2,4,4,4,1,2,5,1,1,5,4,4,4,4,5,3,5,1,19,1,,1,,1,,1,1,,学校教育学類英語専修,,1,,1,英語,3,2,,3,"1,2,5",高校の修学旅行,
K,1,5,11,2,2,2,4,2,2,3,3,2,3,3,3,2,2,2,4,2,1,4,2,2,3,1,4,2,2,3,4,3,3,2,4,2,2,2,3,3,2,1,1,1,4,3,2,2,2,3,2,2,2,20,1,,1,,6,,1,1,,経済学,,1,,1,英語,2,2,,0,,,
K,1,5,12,2,3,2,3,2,2,3,3,3,2,2,3,3,2,2,4,2,1,3,1,1,3,1,2,3,4,4,4,3,2,2,1,1,2,2,1,2,3,1,1,1,3,3,2,3,1,4,2,4,2,18,1,,1,,6,,1,1,,経済学部,,1,,0,,,,,0,,,
K,1,5,13,3,2,2,4,4,4,1,2,3,4,3,4,3,2,3,3,3,1,4,2,2,3,1,4,2,3,2,5,4,4,3,2,3,4,4,3,1,4,5,1,5,4,2,3,3,2,4,2,5,2,19,1,,1,,6,,1,1,,総合教育部文系,,1,,1,英語,3,2,,4,"2,4,5",部活動,
K,1,5,14,3,2,4,4,2,5,2,1,5,2,2,5,4,3,3,3,2,1,5,2,2,4,1,5,2,3,2,4,4,4,3,3,2,5,3,2,3,4,3,1,1,4,3,5,5,3,5,2,4,1,19,1,,1,,1,,1,1,,学校教育学部,,1,,1,,3,2,,2,"2,4",,母国語の他に使えるコミュニケーションの手段　不明
K,1,5,15,2,2,3,4,3,2,2,3,3,2,2,4,3,3,3,4,3,1,2,2,2,4,1,3,3,3,3,3,4,3,2,4,2,3,3,1,2,2,1,1,1,3,3,4,4,2,4,1,4,1,19,1,,1,,1,,1,1,,学校教育学類　音楽教育専修,,1,,1,英語、ドイツ語,独 1、英 2,2,,1,5,高校の修学旅行,
K,1,5,16,1,5,2,2,5,4,1,2,5,2,2,2,4,4,5,4,1,1,4,2,4,2,5,2,4,3,1,5,3,5,3,5,2,3,2,3,4,3,4,2,1,5,4,2,5,2,5,3,5,1,18,1,,1,,7,無し,1,1,,総合教育部文系,,1,,1,英語,3,1,,1,5,インターンシップ,
K,1,5,17,2,1,4,4,2,2,3,2,3,4,1,4,4,2,3,2,4,1,3,1,2,3,3,3,4,3,2,3,4,3,3,2,1,2,2,1,3,3,2,1,1,4,3,1,3,3,5,1,3,1,18,1,,1,,1,,1,1,,まだ決まっていない、文系一括,,1,,1,英語、朝鮮語,2,2,,1,5,研修旅行,
K,1,5,18,2,1,2,5,4,2,1,4,4,4,4,4,3,4,4,4,5,1,4,1,4,4,1,4,5,4,3,5,5,5,5,2,4,4,4,1,1,2,1,1,1,4,5,4,3,3,5,5,4,1,19,1,,1,,6,,1,1,,人間社会学域　経済学類,,1,,0,,,,,1,5,高校の修学旅行,
K,1,5,19,2,2,2,4,2,2,2,3,3,2,2,3,3,3,2,4,2,1,3,2,2,2,1,2,2,3,3,3,3,3,2,2,1,1,2,2,1,1,1,1,1,2,1,1,1,1,3,1,2,1,19,1,,1,,1,,1,1,,経済学類,,1,,1,英語,2,2,,1,5,高校の修学旅行,
K,1,5,20,3,2,2,4,2,2,3,2,4,2,1,2,3,1,2,3,1,1,3,2,2,5,1,3,2,3,3,3,3,1,3,3,1,2,2,1,1,2,1,1,1,3,3,2,4,1,3,2,2,1,19,1,,1,,7,分からない,1,1,,人間社会学域地域創造学類,,1,,1,英語,1,7,,0,,,
K,1,5,21,2,1,2,5,4,1,2,3,4,4,3,3,4,2,4,4,4,1,3,1,2,4,1,4,2,4,2,4,4,4,2,2,1,4,3,1,3,2,3,1,1,4,2,3,2,3,4,2,4,1,19,1,,1,,1,,1,1,,地域創造,,1,,1,英語,2,3,,2,"1,2",,
K,1,5,22,2,1,2,3,2,1,2,2,3,2,2,4,3,2,2,3,2,1,5,5,4,5,1,4,3,3,1,5,4,4,2,2,1,4,2,1,2,3,1,1,1,5,4,4,4,2,5,2,4,1,19,1,,1,,6,,1,1,,学校教育学類国語専修,,1,,0,,,,,0,,,
K,1,5,23,2,1,2,3,1,1,2,3,4,2,2,2,2,1,1,4,1,1,3,1,2,1,1,4,1,5,4,3,3,2,2,1,1,2,1,3,1,2,1,1,1,3,4,4,2,1,5,2,3,1,18,1,,1,,6,,1,1,,学校教育学類,,1,,1,英語,2,8,バイト先で英語対応をする時のみ,0,,,
K,1,5,24,3,1,2,5,2,1,2,4,2,2,3,3,2,4,1,5,5,1,5,4,1,4,1,5,3,5,3,5,5,1,1,1,1,1,1,1,4,4,4,2,1,5,3,2,5,1,5,3,5,2,19,1,,1,,7,世界平和統一家庭連合,1,1,,経済,,1,,1,英語,1,3,,3,"2,5",世界の人々が集まって、ワークショップをした。,
K,1,5,25,2,3,4,4,2,5,3,2,2,3,3,4,4,2,2,4,4,1,4,1,2,2,1,3,2,3,3,5,3,2,2,2,1,2,2,2,2,3,1,1,1,4,4,2,4,2,4,3,4,2,20,1,,1,,6,,1,1,,学校教育学類　英語専修,,1,,0,,,,,0,,,
K,1,5,26,2,1,4,5,3,2,4,1,4,2,2,4,4,4,4,4,2,1,4,2,5,4,1,4,3,5,2,4,4,1,1,3,1,2,2,2,2,2,1,1,1,3,2,4,3,2,5,1,3,1,20,1,,1,,1,,1,1,,,,1,,1,,2,6,,1,5,高校の修学旅行,専攻　無回答、母国語の他に使えるコミュニケーションの手段　不明
K,1,5,27,2,2,4,4,4,2,2,2,3,3,3,3,2,3,4,3,2,2,2,4,4,4,3,3,3,3,3,4,3,2,,3,3,3,3,4,4,4,3,3,3,3,3,2,2,4,3,3,3,2,,1,,1,,7,,1,1,,総合教育部,,1,,1,英語,2,3,,7,"1,2",,"GC06 重複、年齢不詳,信仰する宗教　詳細無回答"
K,1,6,1,2,2,4,4,4,4,2,3,3,3,3,4,3,4,3,2,3,1,4,2,4,3,3,3,3,2,2,3,3,3,2,2,3,3,3,3,3,3,2,2,2,3,3,2,3,2,3,2,2,1,20,1,,1,,5,,1,1,,地域創造学類,,1,,1,英語、中国語,2,2,,1,1,,
K,1,6,2,3,3,4,3,2,2,3,3,4,2,3,5,4,4,3,4,2,1,4,3,2,3,1,4,3,4,4,4,4,3,3,2,1,1,1,1,3,2,1,1,1,4,3,2,3,2,4,3,3,1,18,1,,1,,1,,1,1,,学校教育学類特別支援教育専修,,1,,1,英語,1,3,,0,,,
K,1,6,3,2,2,3,4,4,3,4,3,4,2,2,3,3,3,3,4,2,1,3,1,2,2,1,3,4,4,3,3,4,2,2,2,1,2,2,2,1,2,1,1,1,3,3,3,3,2,3,2,3,2,19,1,,1,,1,,1,1,,学校教育　理科,,1,,1,英語,2,2,,0,,,
K,1,6,4,2,1,2,4,3,2,2,2,2,3,2,3,2,2,3,3,3,1,4,2,2,2,1,3,3,4,2,3,3,3,3,4,2,3,2,2,3,4,1,1,1,3,3,3,3,2,4,2,3,2,19,1,,1,,5,,1,1,,人間社会学域経済学類,,1,,0,,,,,1,2,,
K,1,6,5,2,1,2,5,3,3,3,2,3,3,3,4,4,4,4,4,2,1,4,2,3,3,1,4,2,3,3,4,4,3,2,1,1,3,1,1,2,4,4,1,1,4,4,3,4,2,3,2,5,1,19,1,,1,,7,ないです。,1,1,,人間社会学域　学校教育学類,,1,,1,英語,2,3,,1,5,高校の研修,
K,1,6,6,2,1,1,5,4,1,1,1,4,3,3,4,4,2,4,3,1,1,4,1,2,4,1,5,1,2,2,5,5,4,4,4,2,5,4,2,2,3,5,1,1,5,4,4,4,3,5,2,5,1,19,1,,1,,1,,1,1,,,,1,,1,英語,3,2,,1,"1,2",,専攻　無回答
K,1,6,7,2,2,3,4,2,2,4,4,2,2,2,4,2,4,2,3,4,1,2,2,1,3,2,3,3,4,4,4,2,2,1,2,1,1,2,1,2,3,1,1,1,3,3,4,4,1,1,2,4,1,19,1,,1,,6,,1,1,,経済,,1,,0,,,,,0,,,
K,1,6,8,2,2,4,4,2,2,2,4,3,3,2,3,3,3,2,4,2,1,2,2,2,2,1,3,2,3,3,3,3,3,2,2,2,2,2,2,2,2,1,1,1,3,3,2,2,2,3,2,2,1,19,1,,1,,1,,1,1,,経済,,1,,0,,,,,0,,,
K,1,6,9,3,2,3,3,3,3,2,3,2,2,3,3,4,2,2,3,2,1,2,2,2,3,1,3,2,2,2,4,3,3,2,4,3,3,2,2,2,3,2,1,1,2,2,1,3,3,3,2,3,1,20,1,,1,,6,,1,1,,地域創造学類,,1,,1,英語、フランス語,1,2,,0,,,
K,1,6,10,2,2,2,4,3,2,4,4,4,4,4,4,4,2,4,4,4,1,4,1,3,3,3,4,4,3,3,3,3,3,2,2,2,3,2,1,2,2,2,2,1,3,2,3,3,3,3,3,3,1,19,1,,1,,6,,1,1,,なし,,1,,1,英語、ドイツ語,2,2,,2,"2,5",修学旅行,
K,1,6,11,2,2,3,4,3,3,2,3,4,2,2,2,2,2,3,4,2,1,3,2,2,2,1,3,2,3,3,3,4,3,2,2,2,2,2,1,1,2,1,1,1,3,3,2,4,2,4,1,3,2,18,1,,1,,6,,1,1,,経済,,1,,0,,,,,0,,,
K,1,6,12,2,1,5,4,1,1,5,1,1,1,2,5,2,2,3,5,2,1,5,1,4,3,1,5,2,5,5,4,2,4,5,2,1,1,1,1,5,5,1,1,1,5,5,2,2,1,5,2,5,2,19,1,,1,,6,,1,1,,経済,,1,,0,,,,,0,,,
K,1,6,13,1,3,2,5,2,2,2,2,4,3,3,5,2,2,4,3,2,1,4,3,3,3,1,4,1,4,3,5,4,4,3,1,2,2,1,1,3,4,3,3,1,4,3,2,3,2,5,2,5,2,19,1,,1,,1,,1,1,,なし,,1,,1,,2,4,,1,1,,母国語の他に使えるコミュニケーションの手段　不明
K,1,6,14,1,4,4,4,3,2,3,4,3,2,4,3,4,4,3,4,3,1,4,1,2,5,1,4,2,4,4,4,3,3,3,2,2,3,4,3,3,5,3,1,1,3,4,4,5,4,2,3,4,2,20,1,,1,,6,,1,1,,学校教育学類教育基礎専修,,1,,1,英語,2,7,,1,"1,2",,
K,1,6,15,1,1,2,3,1,2,4,5,2,3,4,3,3,2,2,5,3,1,4,4,3,3,1,2,1,3,1,4,3,3,2,1,1,1,1,1,2,1,1,1,3,4,1,2,1,1,5,1,2,2,19,1,,1,,7,なし,1,1,,学校教育,,1,,1,英語,2,7,,1,5,高校の修学旅行,
K,1,6,16,3,2,2,3,2,2,2,2,2,2,2,3,2,2,2,3,2,1,3,2,2,2,1,3,2,3,3,3,3,3,3,1,1,2,2,1,2,2,1,1,1,1,2,2,2,2,2,1,3,1,19,1,,1,,1,,1,1,,経済,,1,,0,,,,,2,2,,
K,1,6,17,2,1,2,5,1,2,2,2,5,3,3,4,2,2,3,3,1,1,5,2,5,2,1,5,1,3,2,3,5,3,1,1,1,2,1,1,1,3,1,1,1,4,2,2,3,3,3,3,3,1,19,1,,1,,1,,1,1,,学校教育学類,,1,,1,,1,2,,0,,,母国語の他に使えるコミュニケーションの手段　不明
K,1,6,18,2,2,2,3,2,2,3,2,3,2,2,3,2,2,3,5,5,1,3,2,2,4,1,3,2,3,4,4,2,2,2,3,1,1,1,1,1,2,1,1,1,2,4,2,3,1,4,1,1,1,19,1,,1,,1,,1,1,,地域創造学類,,1,,1,英語,2,3,,0,,,
K,1,6,19,1,2,1,5,2,2,4,2,4,2,3,4,2,1,3,5,2,1,3,2,4,4,1,4,3,4,5,4,3,2,4,4,1,1,1,3,1,3,1,1,1,3,4,2,5,2,2,3,2,2,20,1,,1,,7,,1,1,,経済,,1,,0,,,,,0,,,信仰する宗教　詳細無回答
K,1,6,20,2,2,2,4,3,2,2,2,3,3,3,2,3,2,2,2,2,1,2,1,2,2,1,5,4,3,3,4,4,3,3,3,3,4,3,3,3,3,2,1,1,3,3,3,3,2,3,4,3,2,19,1,,1,,7,神道,1,1,,総合教育部,,1,,1,英語,3,2,,1,,,渡航目的　無回答
K,1,6,21,1,1,1,4,2,4,2,4,5,5,4,2,1,1,3,4,4,1,4,1,1,5,1,5,1,2,2,5,5,1,1,4,2,4,2,2,1,5,1,1,1,1,2,3,3,1,5,4,5,2,19,1,,1,,6,,1,1,,なし。,,1,,0,,,,,0,,,
K,1,6,22,3,4,3,4,2,3,4,2,2,4,4,2,2,4,2,2,4,1,2,2,2,2,1,3,3,3,4,3,2,3,3,1,2,3,3,3,2,2,2,1,1,2,2,3,3,2,4,3,1,2,20,1,,1,,6,,1,1,,,,1,,1,英語,2,2,,0,,,専攻　無回答
K,1,6,23,1,1,4,4,4,3,3,2,4,4,4,4,4,4,4,4,3,1,,4,4,4,3,4,3,4,2,4,4,4,4,4,2,4,4,2,4,4,4,4,1,4,3,4,4,4,4,3,4,2,19,1,,1,,1,,1,1,,経済学部,,1,,1,英語、ロシア語,1,2,,1,1,大学の語学留学,IS19 重複
K,1,6,24,2,3,2,4,2,2,1,2,5,3,2,3,3,1,2,4,1,1,3,2,1,4,2,4,2,3,3,4,4,2,2,3,1,2,1,1,2,3,1,1,1,4,4,2,4,2,5,1,3,1,19,1,,1,,1,,1,1,,地域創造学類,,1,,0,,,,,0,,,
K,1,6,25,2,2,3,4,3,3,3,2,3,2,2,3,4,3,3,4,2,1,3,2,2,4,1,4,4,4,2,3,3,4,4,2,4,4,4,1,2,2,1,1,1,3,2,2,3,3,3,3,3,2,20,1,,1,,1,,1,1,,人間社会学域経済学類,,1,,1,英語、フランス語,2,2,,0,,,
K,1,6,26,2,2,2,4,3,2,2,2,4,3,3,4,3,2,3,2,4,1,3,1,2,3,1,4,3,3,2,4,4,4,4,3,2,4,3,2,4,3,4,3,1,4,3,3,3,2,3,2,3,1,19,1,,1,,6,,1,1,,地域創造,,1,,1,,2,3,,2,1,,母国語の他に使えるコミュニケーションの手段　不明
K,1,6,27,2,2,2,4,2,2,2,2,3,2,2,3,2,2,3,4,3,1,3,2,2,3,1,4,3,3,3,3,4,2,2,1,1,2,2,1,1,1,1,1,1,2,3,2,3,2,3,2,3,2,19,1,,1,,1,,1,1,,経済,,1,,1,英語、スペイン語（あいさつ程度）,"1,2",2,,1,2,,
K,1,6,28,2,2,3,4,4,3,2,2,2,1,2,3,4,2,3,3,3,1,5,2,3,4,1,3,4,2,2,5,4,2,2,2,1,3,2,1,1,5,2,1,1,3,2,4,2,2,4,1,3,2,20,1,,1,,1,,1,1,,学校教育学類国語専修,,1,,0,,,,,3,2,,"Demographics 11,12は無効"
K,1,6,29,1,2,2,4,4,2,1,2,2,4,1,4,4,1,4,5,5,1,5,1,2,5,1,2,1,4,4,5,2,1,1,4,1,1,2,1,1,2,5,1,2,1,1,2,5,1,5,1,5,2,19,1,,1,,6,,1,1,,経済学類,,1,,1,英語,2,7,,1,1,,
K,1,6,30,2,2,3,3,2,2,4,2,3,2,2,3,2,3,3,2,1,1,4,3,4,3,1,3,1,3,2,4,3,2,2,2,2,2,2,2,2,2,2,2,2,2,1,3,1,1,1,1,4,2,19,1,,1,,6,,1,1,,経済,,1,,0,,,,,1,2,,
K,1,6,31,2,2,2,4,3,2,3,2,4,2,2,4,3,2,2,3,2,1,4,2,3,3,1,3,3,3,2,3,3,3,3,2,3,3,3,2,2,3,2,2,1,3,3,3,3,3,3,3,3,2,20,1,,1,,6,,1,1,,経済,,1,,0,,,,,0,,,
K,1,6,32,2,1,2,5,4,2,3,3,4,5,3,3,3,3,3,2,3,1,3,2,3,3,2,4,4,3,2,4,5,3,3,3,2,3,3,1,1,3,2,2,1,4,2,1,4,2,5,2,4,1,,1,,1,,1,,1,1,,経済,,1,,1,英語,2,7,,1,1,,年齢不詳
K,1,7,1,4,3,2,4,2,2,4,2,3,3,3,2,2,3,3,4,3,1,3,1,1,2,1,3,3,2,4,4,3,4,4,2,3,4,3,3,2,2,1,1,1,3,3,2,3,2,2,2,2,1,18,1,,1,,6,,1,1,,学校教育　国語専修,,1,,0,,,,,0,,,
K,1,7,2,1,2,1,4,1,2,2,4,4,3,2,4,4,2,4,,1,1,4,2,2,1,1,3,1,4,4,3,3,4,3,2,3,1,1,1,4,4,1,1,1,5,4,1,4,1,5,2,4,2,20,1,,1,,1,,1,1,,地域創造,,1,,1,ロシア語,2,2,,0,,,IS16 重複
K,1,7,3,2,1,4,4,4,1,2,2,4,3,3,3,4,2,3,3,1,1,2,2,3,4,1,3,4,3,3,3,3,2,2,2,1,2,2,2,1,2,1,1,2,3,4,2,3,1,2,1,3,1,19,1,,1,,6,,1,1,,,,1,,1,,1,3,,0,,,専攻　無回答、母国語の他に使えるコミュニケーションの手段　不明
K,1,7,4,3,1,3,4,2,3,3,2,3,3,2,3,3,4,3,3,2,1,3,2,2,3,1,3,2,3,3,3,3,2,2,3,2,1,2,1,2,2,1,1,1,3,3,2,3,2,5,1,4,2,19,1,,1,,1,,1,1,,地域創造学類,,1,,0,,,,,0,,,
K,1,7,5,4,1,2,4,2,4,2,1,4,3,2,4,3,4,2,5,1,1,3,2,2,5,1,4,2,2,3,4,3,2,2,1,1,4,2,1,1,4,5,1,1,3,4,2,4,1,5,2,5,2,19,1,,1,,6,,1,1,,学校教育学類社会科専修,,1,,0,,,,,2,5,サッカー遠征,
K,1,7,6,2,1,4,4,4,4,1,3,3,2,3,4,4,2,3,5,2,1,4,2,3,2,1,3,5,4,3,5,3,3,3,3,3,2,2,1,3,3,2,2,1,4,4,3,3,3,4,3,2,2,19,1,,1,,6,,1,1,,地域創造学類,,1,,1,英語,2,2,,0,,,
K,1,7,7,2,2,3,4,3,3,1,3,4,4,3,4,3,3,3,3,2,2,3,2,2,3,1,3,2,2,2,3,3,3,2,2,2,3,2,3,2,3,4,1,1,3,3,3,3,2,3,1,3,1,19,1,,1,,,,1,1,,,,1,,1,英・中,2,3,,2,2,姉妹都市の交流事業,信仰する宗教　無回答、専攻　無回答
K,1,7,8,3,2,2,3,2,1,2,2,3,3,2,4,3,3,1,4,2,1,2,1,2,3,1,3,2,2,3,2,3,3,2,3,2,1,2,1,1,4,1,1,1,3,2,2,3,2,4,2,3,2,19,1,,1,,6,,1,1,,経済学類,,1,,1,,1,7,,0,,,学年　無回答、母国語の他に使えるコミュニケーションの手段　不明
K,1,7,9,2,2,2,5,4,3,2,1,3,2,4,4,4,3,3,3,3,1,4,2,4,4,1,4,3,2,2,4,4,3,2,2,2,3,2,2,2,2,2,2,1,4,3,4,4,3,4,2,4,1,19,1,,1,,1,,1,1,,人間社会学域経済学類,,1,,1,,2,3,,0,,,母国語の他に使えるコミュニケーションの手段　不明
K,1,7,10,2,2,2,5,3,2,2,2,4,3,2,3,3,3,3,2,2,1,2,2,3,3,1,4,4,2,2,3,4,3,3,3,2,4,3,1,2,2,4,4,1,4,4,3,4,3,3,3,3,1,19,1,,1,,1,,1,1,,地域創造学類,,1,,1,中国語,2,2,,1,2,,
K,1,7,11,2,2,2,2,2,4,2,2,2,2,4,2,4,2,2,4,2,1,3,2,2,2,1,2,2,2,4,4,2,2,2,3,5,3,2,1,2,2,3,1,1,3,3,3,2,2,4,4,3,2,19,1,,1,,1,,1,1,,地域創造学類,,1,,1,ドイツ語・英語,2,2,,3,2,,
K,1,7,12,1,1,3,4,2,3,4,4,1,2,,4,5,2,2,5,2,1,3,1,1,5,1,4,2,4,5,5,4,2,2,1,1,2,2,1,1,3,3,2,1,2,2,1,2,1,4,2,5,2,20,1,,1,,7,宗教を信仰していません。,1,1,,学校教育,,1,,1,英語,2,4,,1,5,友好を深め、中国の実情を知る,IS11　無回答
K,1,7,13,4,1,3,5,1,2,2,3,5,3,2,4,5,5,5,4,1,1,5,3,5,2,1,5,5,5,3,5,5,5,5,5,3,4,3,3,2,2,1,1,1,5,3,2,2,2,5,1,5,2,20,1,,1,,7,神道,1,1,,地域創造学類,,1,,1,英語、中国語,1,2,,0,,,
K,1,7,14,2,4,,4,2,4,3,1,1,3,3,3,3,3,4,4,2,1,4,3,4,3,4,4,1,2,2,3,4,3,4,2,2,3,3,1,1,3,3,1,1,3,3,4,3,3,3,3,3,1,19,1,,1,,6,,1,1,,教育学類美術教育コース,,1,,0,,,,,3,"2,5",高校の修学旅行,IS03 無回答
K,1,7,15,3,2,4,4,4,4,3,2,3,3,2,3,3,3,3,3,3,1,2,1,3,3,2,2,2,3,3,3,2,2,2,2,2,2,2,2,2,2,2,2,2,2,2,2,3,2,2,2,2,1,19,1,,1,,6,,1,1,,,,1,,0,,,,,0,,,専攻　無回答
K,1,7,16,2,2,5,5,1,2,1,3,5,1,1,5,2,3,3,5,1,1,2,1,1,4,1,1,1,5,5,4,4,1,2,1,1,1,1,1,1,3,2,1,1,4,5,1,1,1,5,1,1,2,20,1,,1,,1,,1,1,,経済,,1,,0,,,,,1,2,,
K,1,7,17,2,5,4,4,4,5,1,4,4,4,2,4,4,2,3,4,1,1,4,2,2,4,1,4,5,4,4,4,4,4,4,4,4,4,4,4,4,4,4,4,4,4,4,4,4,4,4,4,4,3,19,1,,1,,2,,1,1,,教育、国語、（中学校）,,1,,1,英語,2,2,,1,2,,
K,1,8,1,2,1,2,2,2,2,2,2,4,2,2,3,2,3,2,5,2,1,4,2,2,4,2,5,1,4,3,4,4,3,3,2,2,1,1,2,2,3,2,1,1,3,3,2,2,1,5,2,4,1,18,1,,1,,7,大体,1,1,,人間社会学域経済学類,,1,,1,英語・中国語,1,2,,1,2,高校の修学旅行,
K,1,8,2,2,1,2,4,2,3,2,3,3,3,4,3,5,3,2,2,3,1,4,4,2,5,1,3,5,4,4,4,3,3,3,4,1,2,3,1,5,3,1,1,,4,3,3,5,2,5,2,4,1,19,1,,1,,6,,1,1,,人間社会学域　地域創造学類,,1,,1,,1,3,,0,,,GC17重複
K,1,8,3,3,2,2,3,3,1,3,4,4,3,2,4,3,3,3,4,2,1,4,2,2,4,1,3,4,3,4,4,4,2,2,1,2,3,2,2,3,3,1,1,1,3,3,3,3,2,4,3,4,2,19,1,,1,,6,,1,1,,経済学類,,1,,2,,,,,1,5,修学旅行,
K,1,8,4,3,2,4,5,1,3,5,2,2,1,1,3,2,1,3,3,1,1,2,2,3,1,2,3,1,1,2,4,3,2,1,1,2,1,1,1,2,1,1,1,1,2,3,1,5,3,5,1,3,2,20,1,,1,,6,,1,1,,学校教育学類数学専修,,1,,1,英語,1,7,,0,,,
K,1,8,5,1,1,1,5,2,2,5,2,5,4,3,4,1,2,5,3,2,1,5,3,3,5,4,4,1,5,4,3,4,4,5,5,3,5,2,4,2,4,1,1,1,3,4,4,4,2,4,2,4,1,19,1,,1,,6,,1,1,,学校教育学類美術教育専修,,1,,1,,1,7,,0,,,
K,1,8,6,2,2,4,4,3,2,2,2,4,4,4,4,4,2,4,4,2,2,4,3,　,2,2,4,2,2,2,4,4,4,4,4,3,4,4,2,2,4,4,4,2,3,4,4,4,4,4,2,2,2,19,1,,2,,1,,1,1,,経済学,,1,,1,英語,3,,,3,2,,IS21無回答
K,1,8,7,4,4,5,5,2,1,5,5,5,2,2,5,5,3,3,5,1,1,4,3,1,1,1,1,5,5,4,3,3,3,2,3,2,2,2,1,1,1,1,1,1,4,4,3,5,1,5,1,5,2,19,1,,1,,6,,1,1,,人間社会学域経済学類,,1,,1,英語,2,1,,1,2,,
K,1,8,8,2,1,3,5,2,2,2,4,4,2,2,2,3,1,3,1,2,1,4,2,2,3,1,4,5,4,4,4,4,3,2,3,2,2,2,1,2,1,1,1,1,3,3,1,2,1,4,2,4,2,18,1,,1,,1,,1,1,,経済,,1,,1,英語,2,3,,0,,,
K,1,8,9,2,1,4,4,3,2,2,2,3,2,3,3,3,2,2,2,2,1,3,3,3,2,3,4,3,5,2,2,3,3,4,3,3,2,2,1,2,3,2,2,3,3,4,3,3,3,4,2,3,2,19,1,,1,,1,,1,1,,学校教育学類社会科専修,,,,2,,,,,0,,,母語の記載なし
K,1,8,10,2,1,2,5,2,2,3,4,5,4,4,5,3,3,4,5,2,1,3,3,2,2,1,3,4,4,5,5,5,4,3,4,3,3,1,1,3,5,4,1,1,3,4,4,5,3,4,3,3,2,19,1,,1,,6,,1,1,,経済学類,,1,,2,,,,,0,,,
K,1,8,11,2,1,3,3,3,2,2,3,3,4,2,3,3,3,3,4,4,1,2,2,3,4,1,3,3,2,3,3,3,3,2,1,3,3,2,3,3,3,2,1,1,2,3,3,2,1,4,3,3,1,19,1,,1,,1,,1,1,,学校教育学類,,1,,2,,,,,1,,修学旅行,渡航あり；回数の記載なしで１とする
K,1,8,12,2,2,3,4,4,4,2,2,4,4,3,4,4,4,2,3,3,1,3,2,2,1,2,4,3,3,2,4,4,2,2,2,2,3,3,4,2,3,1,1,1,3,4,3,3,3,5,2,4,2,19,1,,1,,1,,1,1,,経済,,1,,1,,3,3,,0,,,
K,1,8,13,3,1,3,4,4,2,1,3,2,3,2,3,3,3,3,4,2,1,3,2,2,3,3,3,4,2,3,3,3,3,3,3,3,4,3,4,3,4,3,3,3,3,3,3,3,3,5,3,4,2,20,1,,1,,6,,1,1,,経済,,1,,2,,,,,0,,,
K,1,8,14,2,3,2,4,2,2,3,4,4,3,3,3,3,2,2,3,1,1,4,2,2,3,1,3,4,3,4,4,3,3,2,4,1,2,1,1,2,3,1,1,1,3,3,1,4,1,3,2,3,1,19,1,,1,,6,,1,1,,地域創造学類,,1,,2,,,,,0,,,
K,1,8,15,2,2,3,4,3,2,3,2,4,4,4,5,4,3,4,5,2,1,3,2,4,3,1,4,1,4,4,5,4,4,2,1,3,3,2,1,2,1,4,1,1,4,4,2,4,2,5,2,1,2,18,1,,1,,6,,1,1,,経済,,1,,1,英語・ドイツ語,2,2,,1,1,,
K,1,8,16,1,1,1,5,2,1,4,1,4,5,1,2,1,5,4,1,1,1,3,1,1,1,1,4,1,,,,,,,,,,,,,,,,,,,,,,,,,,,,,,,,,,,,,,,,,,,,,,,,GC+demo無回答
K,1,8,17,2,2,2,4,2,3,2,3,3,3,3,3,3,3,3,4,2,1,3,2,2,2,2,4,2,2,2,3,4,4,3,2,2,1,1,1,3,2,2,1,1,4,4,3,4,2,4,1,1,1,19,1,,1,,6,,1,1,,経済学類,,1,,1,英語,2,2,,0,,,
K,1,8,18,4,4,3,4,3,3,2,3,4,2,2,4,4,3,4,4,2,1,4,2,3,2,2,4,4,4,2,4,4,2,2,2,2,3,2,1,1,3,2,1,1,4,1,3,3,1,4,2,3,1,19,1,,1,,7,わからない,1,1,,総合教育部・文系,,1,,2,,,,,2,1・５,修学旅行　　　,
K,1,9,1,4,2,4,4,4,2,3,3,3,3,3,4,4,3,3,4,3,1,4,2,3,4,1,3,4,4,2,4,4,4,2,3,2,3,4,1,3,3,1,1,1,3,3,4,2,3,3,3,3,2,18,1,,1,,1,,1,1,,経済学,,1,,1,英語,2,2,,0,,,
K,1,9,2,3,2,4,3,2,2,3,3,5,1,2,4,4,3,3,3,2,1,3,2,2,2,1,3,2,4,4,4,5,2,2,1,2,3,3,2,2,1,1,1,1,2,3,3,3,2,4,2,3,2,19,1,,1,,6,,1,1,,経済,,1,,1,,1,7,,1,,修学旅行,
K,1,9,3,1,1,5,5,5,5,1,5,5,5,5,5,5,4,5,1,2,3,5,1,3,3,5,5,5,5,2,5,5,5,5,5,5,5,5,5,5,5,5,5,5,5,5,5,5,5,5,5,5,2,18,1,,1,,7,ゾロアスター教,1,1,,,,1,,1,英語,1,7,,1,2,,
K,1,9,4,2,1,2,5,2,2,1,1,4,4,2,3,4,3,3,1,3,1,4,2,1,5,2,4,1,3,2,1,4,3,3,2,1,4,2,1,3,4,4,2,1,4,3,3,1,1,4,3,2,3,19,1,,1,,7,神道,1,1,,地域創造学類環境共生コース,,1,,1,英語,2,2,,4,2・5,修学旅行、研究発表,
K,1,9,5,2,2,3,4,2,2,3,4,2,2,2,4,4,3,2,5,3,1,3,2,2,2,1,2,3,3,4,2,3,2,2,2,2,3,2,2,1,2,1,1,1,3,3,3,3,2,4,2,2,2,18,1,,1,,1,,1,1,,教育学類数学専修,,1,,2,,,,,0,,,
K,1,9,6,2,3,2,3,3,2,3,3,2,3,,1,3,3,2,2,2,3,2,3,2,3,2,3,4,3,2,2,3,4,2,3,2,3,3,3,2,3,2,2,3,2,3,4,3,4,3,4,3,2,20,1,,1,,6,,1,1,,地域創造,,1,,2,,,,,0,,,
K,1,9,7,3,2,2,4,2,1,2,2,4,3,2,4,4,1,3,5,2,1,3,2,2,3,1,3,3,3,4,4,3,2,2,2,1,2,2,2,2,3,1,1,1,2,3,3,3,2,4,2,3,2,19,1,,1,,1,,1,1,,学校教育学類理科教育専修,,1,,1,,2,2,,0,,,
K,1,9,8,2,2,3,4,4,3,3,4,3,3,3,3,3,3,3,3,3,1,4,2,3,3,1,2,4,3,2,3,3,3,1,3,1,2,2,2,1,1,1,1,1,1,2,2,1,1,5,1,4,1,19,1,,1,,1,,1,1,,学校教育学類音楽教育専修ピアノ科専攻,,1,,1,英語・手話,2・１,3,,0,,,
K,1,9,9,2,1,2,5,3,4,2,1,5,3,5,5,2,2,5,4,1,1,5,1,2,2,2,5,2,3,2,4,5,4,5,4,1,3,2,1,3,5,1,1,1,5,5,1,5,1,5,1,3,1,19,1,,1,,1,,1,1,,学校教育学類音楽教育専修,,1,,2,,,,,0,,,
K,1,9,10,2,3,2,4,4,2,2,3,3,4,4,3,4,3,3,4,3,1,3,3,3,2,1,3,3,4,4,3,3,2,3,1,1,1,1,1,3,3,4,1,1,3,3,2,2,1,4,2,3,1,18,1,,1,,1,,1,1,,地域創造学類,,1,,1,英語・韓国語,2,3,,1,2・4,,
K,1,9,11,1,4,2,4,1,1,5,3,3,3,4,3,4,3,2,4,5,1,2,1,1,5,1,3,3,4,5,5,3,3,3,1,2,3,1,1,3,3,1,1,1,3,2,1,3,1,5,4,5,2,20,1,,1,,6,,1,1,,経済学類,,1,,1,,2,7,,0,,,
K,1,9,12,2,1,4,4,2,3,1,3,3,2,2,2,3,2,3,4,1,1,3,2,3,3,1,3,2,3,3,4,3,2,2,1,1,1,1,2,3,2,1,1,1,3,3,2,5,2,4,2,2,2,19,1,,1,,6,,1,1,,まだない,,1,,2,,,,,0,,,
K,1,9,13,4,2,4,3,3,2,2,5,4,4,4,3,3,4,3,2,3,,1,3,2,3,4,4,3,3,3,3,4,2,3,4,4,4,1,3,3,2,3,1,3,3,5,3,3,4,3,3,4,2,19,1,,1,,1,,1,1,,学校教育学類国語専修,,1,,1,,1,7,,0,,,ISI18無回答
K,1,9,14,4,1,2,4,4,2,4,4,2,4,4,4,4,2,3,4,1,1,3,2,2,4,2,4,4,4,2,2,4,4,2,3,2,4,4,4,2,2,2,1,1,3,2,2,3,2,4,2,2,1,19,1,,1,,6,,1,1,,学校教育　社会,,1,,1,英語,2,2,,1,2,,渡航あり；回数の記載なしで１とする
K,1,9,15,2,2,3,4,2,2,2,2,3,3,3,2,2,3,3,2,2,1,3,2,2,2,2,4,2,3,2,3,4,3,2,3,2,3,2,3,2,3,1,2,1,4,4,3,3,3,4,2,4,1,19,1,,1,,1,,1,1,,人間社会学位記地域創造学類,,1,,1,韓国語,2,2,,0,,,
K,1,9,16,2,2,2,3,2,2,3,2,4,2,2,3,4,2,2,4,2,1,2,2,2,2,2,2,2,3,3,3,3,2,2,2,2,2,2,1,3,3,3,1,1,3,3,2,2,2,3,3,3,1,19,1,,1,,1,,1,1,,地域創造学類,,1,,1,,2,3,,1,,研修,
K,1,9,17,2,1,5,5,2,1,4,3,2,1,1,5,5,5,5,5,2,1,4,1,1,1,1,2,1,4,4,4,3,3,3,1,1,1,1,5,1,4,1,1,1,3,5,2,3,1,4,1,4,1,19,1,,1,,1,,1,1,,学校教育,,1,,2,,,,,0,,,
K,1,9,18,3,1,1,4,3,2,2,1,4,2,2,4,4,3,2,4,2,1,5,1,5,4,1,2,5,3,1,5,4,2,2,1,1,4,4,1,1,1,1,1,1,1,1,3,3,1,4,2,3,1,19,1,,1,,6,,1,1,,学校教育学類数学教育専修,,1,,1,英語,2,2,,0,,,
K,1,10,1,1,2,2,5,3,,1,2,4,3,4,4,2,3,3,4,3,1,3,1,5,4,2,4,2,2,3,4,4,5,3,2,3,3,3,5,4,5,5,2,1,5,5,4,4,3,4,4,5,2,20,1,,1,,7,ゾロアスター教,1,,,,,1,,1,英語・フランス語,2,1,,3,1・2,,IS6未回答
K,1,10,2,4,1,3,5,2,1,3,3,5,3,3,4,4,2,3,4,2,1,4,2,3,4,1,5,5,4,3,3,4,4,2,3,3,3,3,1,2,3,1,1,1,3,4,3,3,3,5,3,3,2,19,1,,1,,1,,1,1,,学校教育学類,,1,,2,,,0,,,,,
K,1,10,3,1,2,2,5,3,2,2,1,5,3,4,3,3,2,4,2,1,2,1,3,3,3,3,3,3,3,1,1,5,3,3,3,2,3,3,2,1,5,3,2,1,3,4,5,5,5,5,3,3,1,18,1,,1,,1,,1,1,,学校教育学類教育基礎専修,,1,,1,,2,2,,0,,,
K,1,10,4,2,1,2,4,3,1,2,2,3,2,2,3,2,2,3,4,4,1,4,1,2,3,1,4,3,3,2,4,4,3,4,2,2,4,3,3,2,4,4,4,3,4,4,2,4,3,5,2,4,1,19,2,,1,,6,,1,1,,学校教育学類,,1,,1,英語,2,1,,3,1・５,修学旅行　　　,
K,1,10,5,3,3,3,3,3.5,4,4,4,3,2,3,3,3,3,3,3,3,3,3,3,3,3,3,3,3,3,3,3,3,3,3,3,3,3,3,3,3,3,3,3,3,3,3,3,3,3,3,3,3,1,19,1,,1,,6,,1,1,,学校教育学類,,1,,2,,,,,0,,,回答に信憑性なし
K,1,10,6,1,1,2,5,3,2,1,3,5,2,3,4,4,4,4,2,4,1,5,2,2,3,1,4,3,3,3,4,5,5,3,5,2,5,2,5,3,3,5,4,1,4,3,5,3,4,4,2,5,1,19,1,,1,,6,,1,1,,総合教育部・文系,,1,,1,英語,2,2,,2,5,ホームステイ,
K,1,10,7,2,2,4,4,2,2,2,2,3,2,1,3,5,3,2,2,2,1,4,1,1,2,2,5,2,2,1,2,4,5,3,2,1,4,4,3,2,2,5,3,1,5,4,4,4,4,5,2,4,2,19,1,,1,,2,,1,1,,地域創造学類,,1,,1,英語,3,3,,3,5,短期研修,
K,1,10,8,2,2,3,4,2,2,1,2,2,2,3,4,3,3,2,2,3,2,3,2,3,2,3,3,3,3,3,3,2,2,2,3,1,3,2,1,2,3,3,2,1,3,2,2,3,3,3,2,2,2,19,1,,1,,1,,1,1,,総合教育部・文系,,1,,2,,,,,2,１・２,,
K,1,10,9,1,1,1,1,1,1,2,1,2,1,3,3,2,3,4,1,1,4,2,2,3,1,3,2,2,3,2,4,2,1,3,1,1,1,3,4,2,,4,3,1,3,2,2,2,2,2,2,2,2,19,1,,1,,1,,1,1,,学校教育学類社会科コース,,1,,2,,,,,0,,,
K,1,10,10,3,1,3,3,2,2,2,2,2,1,1,3,2,3,1,1,1,1,3,1,3,1,1,3,3,2,2,3,3,3,3,2,1,1,2,1,3,2,2,1,1,2,1,2,3,3,3,3,3,2,19,1,,1,,7,全光教,1,1,,未定,,1,,2,,,,,0,,,
K,1,10,11,2,2,2,4,3,2,3,2,4,2,2,4,2,2,3,2,2,1,4,2,2,3,1,3,3,3,2,3,4,3,2,2,2,2,3,3,3,3,3,3,3,3,3,3,3,3,3,3,3,2,,1,,1,,1,,1,1,,教育基礎,,1,,2,,,,,0,,,
K,1,10,12,2,1,3,5,2,2,1,2,4,3,3,4,4,3,4,3,1,1,3,2,2,3,2,4,2,4,2,3,4,3,2,3,2,3,3,2,2,4,2,1,1,3,3,4,4,3,4,2,3,2,19,1,,1,,1,,1,1,,学校教育学類教育基礎専修,,1,,2,,,,,0,,,
K,1,10,13,4,1,2,5,1,1,4,2,3,2,2,3,3,2,3,3,2,1,3,2,2,2,1,3,2,4,4,3,3,3,3,3,2,3,1,1,2,3,1,1,1,1,3,1,2,1,4,1,2,1,19,1,,1,,7,神道,1,1,,地域創造学類,,1,,1,英語・中国語,1,3,,0,,,
K,1,10,14,3,3,3,3,3,3,3,3,3,3,3,3,3,3,3,3,3,3,3,3,3,3,3,3,3,3,3,3,3,3,3,3,3,3,3,3,3,3,3,3,3,3,3,3,3,3,3,3,3,1,19,1,,1,,1,,1,1,,経済　,,1,,2,,,,,1,2,,回答すべて３：無効
K,1,10,15,1,1,2,4,5,2,1,1,4,2,2,3,2,2,4,3,1,1,4,2,1,3,3,5,2,2,1,3,5,5,4,1,4,5,5,3,5,5,5,1,1,5,4,4,3,3,5,2,3,3,19,1,,1,,6,,1,1,,,,1,,1,韓国語・中国語,2,2,,4,1・2,,
K,1,10,16,2,1,1,4,3,1,4,2,3,2,2,3,4,4,3,4,4,1,2,1,2,1,1,4,1,4,3,2,4,2,2,1,3,1,3,2,2,2,2,2,1,2,4,2,2,1,4,2,2,2,19,1,,1,,1,,1,1,,総合教育部・文系,,1,,2,,,,,0,,,
K,1,10,17,2,2,2,4,3,2,3,3,3,3,3,4,3,3,3,3,2,1,3,2,3,3,1,3,3,3,2,3,3,3,2,3,1,2,2,2,1,2,1,1,1,2,2,3,3,1,3,3,2,1,19,1,,1,,1,,1,1,,経済学類,,1,,1,英語,2,2,,1,2,,
K,1,10,18,4,2,2,5,3,2,2,3,3,3,2,3,4,2,3,4,3,1,5,2,2,2,1,4,1,3,2,3,4,4,2,3,2,1,1,2,3,3,1,1,1,5,3,2,3,2,3,2,3,1,18,1,,1,,1,,1,1,,人間社会学域地域創造学類,,1,,1,英語,2,2,,1,2,,
K,1,10,19,2,1,2,5,5,2,2,1,4,1,2,3,3,2,3,4,2,1,4,1,3,2,2,4,3,3,2,4,4,3,2,2,3,4,4,1,1,2,2,1,1,3,3,3,3,3,3,3,3,2,20,1,,1,,1,,1,1,,経済学類,,1,,1,中国語・英語,2,2,,1,5,高校の修学旅行,
K,1,10,20,2,3,2,4,4,2,1,3,2,1,2,3,3,2,2,3,2,1,4,1,2,2,1,3,1,3,4,4,4,2,2,1,1,2,1,1,2,3,1,1,1,3,3,1,3,1,4,2,2,1,19,1,,1,,1,,1,1,,教育学類国語専修,,1,,2,,,,,0,,,
K,1,10,21,2,2,3,5,2,1,4,1,3,2,1,3,4,4,2,3,3,1,5,2,2,2,1,4,3,3,2,3,5,2,2,3,1,3,3,2,2,3,3,1,1,4,4,3,3,2,4,3,5,1,19,1,,1,,6,,1,1,,学校教育学類特別支援教育専修,,1,,2,,,,,1,5,高校の修学旅行,
K,1,10,22,2,3,4,4,3,2,3,1,3,2,2,3,3,3,3,4,3,1,3,2,3,4,2,4,2,4,3,2,3,3,3,4,2,4,3,1,2,3,1,1,,2,3,3,3,3,5,3,3,1,18,1,,1,,1,,1,1,,教育,,1,,1,英語,2,7,,0,,,
K,1,10,23,3,3,3,3,3,3,3,3,3,3,3,3,3,3,3,3,3,3,3,3,3,3,3,3,3,3,3,3,3,3,3,3,3,3,3,3,3,3,3,3,3,3,3,3,3,3,3,3,3,1,19,1,,1,,6,,1,1,,経済,,1,,2,,,,,0,,,回答すべて３：無効
K,1,10,24,2,2,3,4,2,2,1,2,4,3,2,4,3,4,4,4,4,1,2,3,3,2,1,3,2,4,3,5,4,3,3,2,2,2,1,1,3,2,4,1,1,4,4,2,2,2,4,1,2,1,19,1,,1,,1,,1,1,,学校教育学類社会科教育専修,,1,,1,,2,6,,1,5,高校の修学旅行,
K,1,10,25,5,2,3,5,4,2,2,3,4,1,3,4,4,2,4,3,1,1,4,2,2,2,1,3,4,3,3,5,4,2,4,1,1,3,3,1,2,4,1,1,1,4,4,3,5,3,1,4,4,2,19,1,,1,,7,神道,1,1,,経済　,,1,,1,英語,2,3,,0,,,
K,1,10,26,2,2,2,5,2,2,3,1,4,3,2,4,3,2,4,3,2,1,2,2,3,1,2,5,3,4,2,3,4,4,4,4,3,3,2,2,2,3,2,1,1,4,3,2,4,2,5,3,3,1,19,1,,1,,6,,1,1,,経済学類,,1,,1,英語・スペイン語,2,2,,0,,,
K,1,10,27,2,2,2,4,3,3,3,4,3,3,3,3,4,2,2,4,3,1,3,2,3,3,1,3,3,3,4,4,3,2,2,2,2,2,3,2,3,3,1,1,1,3,3,2,3,2,4,2,3,2,18,1,,1,,1,,1,1,,地域創造学類,,1,,2,,,,,0,,,
K,1,10,28,2,4,4,4,4,4,4,4,4,4,4,4,4,4,4,4,4,4,4,4,3,3,3,3,3,2,2,2,2,4,3,3,3,3,3,3,4,2,3,3,3,3,3,3,3,3,3,3,3,2,19,1,,1,,1,,1,1,,経済学,,1,,1,英語,2,2,,3,2・４,,
K,1,10,29,3,2,3,3,2,2,1,3,2,4,4,3,4,,3,2,5,3,1,4,3,2,4,3,1,3,4,2,5,4,,4,2,3,5,3,4,2,3,5,4,5,4,2,3,4,5,3,2,2,20,1,,1,,1,,1,1,,教育学類英語,,1,,2,,,,,6,１・２,,GC6重回答（３・５）
K,1,10,30,3,1,2,4,3,2,2,2,2,2,2,3,3,2,2,2,1,1,3,1,1,4,1,3,4,3,2,2,3,2,2,2,1,3,2,1,3,2,3,1,1,3,3,2,2,1,5,2,3,1,19,1,,1,,1,,1,1,,,,1,,2,,,,,1,1,,
K,1,10,31,1,1,3,1,2,1,3,3,3,3,3,3,3,3,3,3,3,3,3,3,3,3,3,3,3,3,3,3,3,3,3,3,3,3,3,3,3,3,3,3,3,3,3,3,3,3,3,3,3,2,19,1,,1,,5,,1,1,,経済,,1,,2,,,,,1,1,,渡航あり；回数の記載なしで１とする
K,1,10,32,2,2,4,3,3,5,1,2,3,4,4,5,4,3,3,3,1,1,5,2,2,3,1,4,4,2,2,5,4,3,2,3,1,4,3,1,3,4,5,5,3,5,3,3,4,2,3,2,4,,,,,,,,,,,,,,,,,,,,,,,,Demographicsの記載なし
K,1,11,1,2,4,4,4,2,2,1,2,4,2,2,2,4,1,2,4,2,1,4,2,2,1,1,5,2,4,4,4,5,5,4,4,2,5,4,1,2,5,4,1,1,4,4,4,4,4,5,2,4,3,19,1,,1,,6,,1,1,,学校教育学類英語教育専修,,1,,1,英語,3,3,,1,2,,
K,1,11,2,2,2,3,4,3,3,1,3,3,2,2,3,4,3,3,4,2,1,3,2,2,2,2,3,2,2,3,3,3,3,3,2,2,3,3,1,3,5,1,1,1,4,4,4,4,3,5,2,4,2,19,1,,1,,1,,1,1,,学校教育学類,,1,,1,英語,2,2,,0,,,
K,1,11,3,2,2,2,5,4,3,2,2,4,1,5,4,3,3,4,2,3,1,4,2,2,2,1,5,2,2,2,4,4,4,4,3,1,4,2,3,4,1,1,1,4,5,4,4,3,3,4,2,4,2,19,1,,1,,6,,1,1,,経済,,1,,1,英語,2,2,,0,,,
K,1,11,4,2,1,4,5,2,5,1,3,4,3,3,4,5,5,4,5,1,1,5,1,1,1,5,4,3,3,2,5,5,4,3,2,1,4,2,3,3,5,5,1,1,5,4,3,4,3,5,3,5,2,19,1,,1,,6,,1,1,,哲学科,,1,,1,英語,3,7,,2,1,,
K,1,11,5,2,1,2,1,4,2,2,3,1,3,3,4,2,4,4,3,2,1,5,1,2,4,4,4,3,3,2,5,5,5,3,3,2,4,3,1,4,3,4,2,1,5,3,4,4,3,4,4,5,2,19,1,,1,,1,,1,1,,総合教育学部・文系,,1,,1,英語・スペイン語,3・1,2,,2,1・2,,
K,1,11,6,1,1,4,4,2,3,1,2,4,2,2,4,3,2,3,4,2,1,4,2,3,2,1,4,3,3,3,3,3,2,2,1,2,2,1,1,3,2,1,1,1,3,5,2,3,1,5,1,2,2,19,1,,1,,1,,1,1,,経済学類,,1,,1,英語・中国語,1,2,,0,,,
K,1,11,7,2,2,3,4,2,2,3,3,3,2,2,3,4,2,3,4,2,1,4,3,2,2,1,3,1,4,2,3,2,2,2,2,1,3,2,1,1,4,1,1,1,3,4,2,4,2,5,2,4,2,19,1,,1,,6,,1,1,,教育基礎専修,,1,,1,英語,2,2,,0,,,
K,1,11,8,1,1,2,5,3,2,2,2,4,4,4,4,3,2,3,4,2,1,1,2,3,2,4,2,3,3,3,2,4,3,1,5,2,4,3,2,2,2,3,4,2,3,1,2,2,4,3,4,4,2,19,1,,1,,6,,1,1,,総合教育学部・文系,,1,,1,英語・ドイツ語,2,2,,0,,,
K,1,11,9,2,2,3,4,2,2,1,3,5,3,2,3,3,4,2,4,1,1,5,2,2,3,1,4,1,3,3,4,4,3,2,3,2,3,2,2,2,3,1,1,1,3,4,2,3,2,5,2,4,2,19,1,,1,,6,,1,1,,学校教育学類教育基礎専修,,1,,1,,2,2,,0,,,
K,1,11,10,2,2,4,4,3,3,2,4,3,3,3,3,3,4,4,4,2,1,4,2,3,3,1,3,3,3,3,3,3,3,3,3,2,3,2,1,3,3,1,1,1,3,3,3,3,3,4,3,4,2,19,1,,1,,1,,1,1,,人間社会学域経済学類,,1,,1,英語・中国語,2,3,,0,,,
K,1,11,11,2,1,5,5,3,4,2,2,4,3,4,5,3,4,4,3,1,1,3,3,2,3,2,4,5,2,2,4,4,4,3,5,3,3,3,2,2,4,1,1,1,4,5,3,4,2,5,4,4,2,20,1,,1,,6,,1,1,,経済学,,1,,1,英語・中国語,2,2,,0,,,
K,1,11,12,4,2,2,5,5,2,1,5,4,3,2,4,4,3,3,3,3,1,4,3,3,2,4,4,5,4,3,3,5,3,4,5,4,5,5,1,2,3,3,5,1,4,4,4,4,4,5,3,4,2,20,1,,1,,6,,1,1,,,,1,,2,,,,,4,2,,
K,1,11,13,2,1,3,5,4,1,1,2,5,3,4,1,4,3,3,3,3,1,5,1,2,3,2,4,1,2,2,4,5,4,4,4,2,3,3,1,2,3,3,3,1,5,5,4,3,3,5,3,4,2,19,1,,1,,6,,1,1,,経済,,1,,1,英語・スペイン語,2・１,2,,2,1・2,,
K,1,11,14,1,2,2,4,4,2,1,2,4,5,4,3,4,1,3,3,2,1,5,3,2,5,1,4,3,2,2,4,4,3,3,4,4,3,3,4,3,4,1,1,1,3,4,3,4,3,5,3,4,2,20,1,,1,,6,,1,1,,経済学類,,1,,1,英語・フランス語,3,2,,0,,,
K,1,11,15,3,2,2,5,5,2,2,2,4,2,2,5,3,2,4,2,1,1,5,1,2,3,1,5,2,3,1,2,5,5,4,1,2,5,4,1,2,4,1,1,1,5,3,3,5,3,5,1,4,2,20,1,,1,,1,,1,1,,経済学類,,1,,1,英語,2,3,,0,,,
K,1,11,16,2,2,3,4,3,4,1,1,4,3,4,3,3,1,4,3,3,1,4,1,2,3,2,4,1,4,5,4,4,4,4,3,2,3,3,1,2,4,1,1,1,4,4,3,4,3,4,3,4,2,19,1,,1,,1,,1,1,,学校教育,,1,,1,英語,2,3,,0,,,
K,1,11,17,3,2,3,4,2,3,2,2,2,2,2,5,5,2,4,2,3,1,4,3,4,4,1,4,2,2,3,4,4,4,4,3,2,2,2,2,2,2,2,1,1,3,3,,2,2,4,1,2,2,19,1,,1,,1,,1,1,,経済学類,,1,,2,,,,,0,,,
K,1,11,18,2,2,3,4,2,1,1,2,3,2,2,4,3,2,2,3,3,1,4,2,1,3,1,3,2,4,4,2,3,2,2,2,1,2,2,1,2,2,3,2,2,3,3,3,3,1,5,2,3,2,18,1,,1,,1,,1,1,,経済学類,,1,,1,英語,2,3,,3,2・3,,
K,1,11,19,2,5,2,3,3,,4,3,2,1,2,2,5,1,2,5,2,1,3,2,1,5,1,2,3,5,5,5,2,2,3,1,1,2,2,1,1,4,1,2,1,4,5,1,4,2,5,2,5,1,23,1,,1,,,,1,1,,学校教育,,1,,1,,2,2,,0,,,IS6無回答
K,1,11,20,2,1,3,3,2,1,3,2,4,2,2,4,4,,3,4,2,1,3,3,3,4,1,3,2,3,2,4,3,3,1,1,2,2,2,1,1,2,2,1,1,2,3,1,2,1,2,1,3,2,20,1,,1,,1,,1,1,,地域創造学類,,1,,2,,,,,3,2,,
K,1,11,21,2,2,4,4,3,2,1,3,3,2,2,2,3,2,3,2,4,1,4,1,4,3,1,4,4,4,3,4,4,3,2,2,1,3,3,1,1,2,1,1,1,4,2,3,4,2,5,3,4,1,19,1,,1,,1,,1,1,,学校教育学類英語教育専修,,1,,1,英語,2,2,,0,,,
K,1,11,22,2,1,2,5,3,3,3,2,4,3,2,4,4,2,3,3,1,1,5,1,2,4,1,5,3,3,2,4,4,3,2,2,2,3,2,1,2,3,4,3,1,5,4,3,2,2,4,2,4,1,20,1,,1,,5,,1,1,,地域創造学類,,1,,1,英語,2,3,,4,1・２・4,,
K,1,11,23,2,1,3,4,4,4,2,3,4,3,4,4,3,3,2,4,3,1,4,2,1,2,1,4,2,3,2,4,5,4,3,3,2,4,4,1,2,2,1,1,1,4,4,4,4,3,4,3,4,1,19,1,,1,,6,,1,1,,総合教育学部・文系,,1,,1,英語,2,3,,0,,,
K,1,11,24,4,2,3,5,2,2,2,2,2,2,2,4,4,3,3,2,2,1,4,2,2,4,1,3,3,4,3,4,3,2,2,2,2,2,2,2,2,2,1,1,1,3,4,2,3,2,4,2,3,2,19,1,,1,,6,,1,1,,地域創造学類,,1,,1,英語,2,3,,0,,,
K,1,11,25,2,1,3,5,4,2,4,3,5,4,4,5,4,2,5,4,2,1,4,1,2,2,1,5,4,4,2,5,5,4,3,3,2,5,4,1,2,4,5,5,1,5,5,4,4,3,5,4,5,1,19,1,,1,,5,,1,1,,学校教育学類教育基礎先週,,1,,1,英語,2,6,,1,1,,
K,1,11,26,4,2,2,3,2,1,4,2,3,2,2,4,3,3,2,4,3,1,4,2,3,2,1,3,4,4,3,4,4,2,2,1,1,2,1,1,1,3,1,1,1,4,3,2,4,2,5,1,2,1,19,1,,1,,6,,1,1,,地域創造学類,,1,,1,英語,2,6,,0,,,
B,2,0,1,2,1,2,4,2,2,2,2,3,2,2,3,3,3,2,3,2,1,2,2,3,2,1,3,2,3,2,3,3,2,3,3,1,3,2,1,1,1,1,1,1,3,2,3,2,2,3,2,3,1,20,1,,1,,1,,1,2,,教育学部小学校教育コース,,1,,2,,,,,0,,,
B,2,0,2,2,2,3,5,4,3,2,2,3,4,3,3,4,2,2,4,3,1,4,2,3,2,1,5,2,3,2,4,5,5,3,2,2,5,3,4,2,2,1,1,1,4,5,3,3,2,5,2,2,1,20,1,,1,,1,,1,2,,教育学部小学校教育コース,,1,,2,,,,,1,2,,
B,2,0,3,2,2,3,5,3,2,2,2,4,3,2,3,3,3,2,3,1,1,3,4,3,3,1,4,3,4,3,4,4,3,1,1,2,3,3,1,1,3,1,1,1,3,4,4,4,1,4,2,3,2,20,1,,1,,1,,1,2,,教育学部小学校教育コース,,1,,1,英語,2,2,,0,,,
B,2,0,4,2,2,2,4,2,1,5,2,4,2,2,5,5,4,2,2,1,1,4,2,2,2,1,5,1,2,2,4,5,2,1,1,1,5,2,1,2,4,1,1,1,5,1,4,4,3,3,4,5,1,19,1,,1,,1,,1,2,,教育学部小学校教育コース,,1,,2,,,,,0,,,
B,2,0,5,2,4,2,4,1,4,4,3,2,1,1,3,3,2,2,5,2,1,3,2,3,2,1,1,2,4,5,4,3,1,1,1,1,1,1,3,2,2,1,1,1,1,2,1,3,1,4,1,3,1,20,1,,1,,1,,1,2,,教育学部小学校教育コース,,1,,2,,,,,0,,,
B,2,0,6,2,1,2,3,1,1,3,2,2,2,2,3,3,2,2,2,2,1,2,2,2,2,1,2,2,3,3,3,3,2,2,1,2,2,1,1,1,1,1,1,1,2,2,2,2,2,3,1,3,1,20,1,,1,,1,,1,2,,教育学部小学校教育コース,,1,,2,,,,,0,,,
B,2,0,7,2,1,2,4,2,2,2,2,3,3,2,3,3,1,2,3,1,1,3,1,2,2,1,3,2,3,2,2,3,2,2,2,2,4,3,1,1,2,1,1,1,3,3,3,2,1,3,1,3,1,20,1,,1,,1,,1,2,,教育学部小学校教育コース,,1,,2,,,,,0,,,
B,2,0,8,2,2,4,5,4,2,2,2,3,3,3,4,5,2,2,3,4,1,4,2,4,2,3,3,2,2,2,4,4,3,2,4,3,3,3,2,4,2,1,1,1,4,4,4,4,3,4,3,4,2,20,1,,1,,5,,1,2,,教育学部小学校教育コース,,1,,1,英語,2,3,,0,,,
B,2,0,9,2,2,4,4,2,2,2,2,2,3,3,3,2,2,3,3,2,1,3,3,4,2,2,2,4,4,3,4,4,2,2,2,2,3,1,1,2,3,1,1,1,3,2,2,2,1,2,1,3,2,19,1,,1,,,,1,2,,教育学部小学校教育コース,,1,,2,,,,,0,,,宗教の記載なし
B,2,0,10,1,1,4,5,3,2,3,1,5,3,2,3,4,4,4,1,2,1,4,2,5,5,1,5,4,4,2,4,5,3,3,1,1,3,3,2,2,4,1,1,1,4,4,3,4,4,4,2,3,2,20,1,,1,,6,,1,2,,教育学部小学校教育コース,,1,,1,英語,2,3,,0,,,
B,2,0,11,2,2,4,4,3,2,3,2,3,2,3,2,2,3,2,4,2,2,3,3,3,3,2,4,3,2,2,3,4,2,2,2,2,4,2,,1,3,1,1,1,3,2,3,3,2,3,1,3,2,20,1,,1,,1,,1,2,,教育学部小学校教育コース,,1,,2,,,,,0,,,
B,2,0,12,2,4,4,4,3,2,2,2,4,4,3,4,3,2,3,5,3,1,4,2,3,2,3,4,4,4,3,4,4,4,3,4,3,4,3,3,2,5,1,1,1,4,4,3,4,2,5,2,4,2,20,1,,1,,1,,1,2,,教育学部小学校教育コース,,1,,1,英語,2,2,,0,,,
B,2,0,13,2,1,2,4,3,2,3,2,4,2,2,3,3,3,4,4,2,3,3,2,3,3,1,3,3,4,3,3,4,3,2,2,2,3,2,3,2,2,4,2,2,3,3,3,3,2,4,2,3,2,20,2,ルーマニア,1,,6,,1,2,,教育学部小学校教育コース,,1,,1,英語,2,3,,2,5,件の中学校代表として環境シンポジウムに出席した,
B,2,0,14,1,2,2,5,3,2,2,2,3,3,3,3,3,2,3,3,3,1,3,2,2,3,1,4,4,3,3,3,3,3,2,3,2,3,2,2,3,3,1,3,1,3,3,2,5,3,5,2,3,2,20,1,,1,,5,,1,2,,教育学部小学校教育コース,,1,,1,英語,2,3,,0,,,
B,2,0,15,3,1,4,4,3,3,2,3,3,3,3,4,3,3,3,4,5,1,3,2,3,2,2,3,2,4,3,4,4,2,2,3,1,2,2,1,2,2,3,2,1,3,3,2,3,2,3,2,3,2,19,1,,1,,6,,1,2,,教育学部小学校教育コース,,1,,2,,,,,0,,,
B,2,0,16,3,2,3,5,2,2,4,2,3,3,3,2,2,3,3,3,2,1,5,4,4,3,1,3,2,3,2,2,4,2,2,2,2,1,1,1,2,1,1,1,1,1,3,3,4,1,5,1,2,2,20,1,,1,,5,,1,2,,教育学部小学校教育コース,,1,,2,,,,,0,,,
B,2,0,17,2,2,3,4,3,3,2,2,3,2,2,3,4,3,2,3,2,1,2,2,2,2,1,4,4,3,4,4,4,3,3,2,1,1,1,2,2,2,1,1,1,2,3,2,3,2,4,2,3,2,20,1,,1,,6,,1,2,,教育学部小学校教育コース,,1,,2,,,,,0,,,
B,2,0,18,2,2,4,3,3,2,2,2,3,2,2,4,3,1,3,3,2,1,3,1,3,3,1,3,4,3,2,2,3,2,2,2,2,3,3,2,2,2,1,1,1,2,2,4,4,3,2,2,2,2,20,1,,1,,,,1,2,,教育学部小学校教育コース,,1,,2,英語,2,4,,0,,,宗教の記載なし
B,2,0,19,3,1,3,4,4,2,3,4,3,2,4,3,2,3,3,4,2,1,3,4,4,3,1,4,4,4,2,4,4,3,3,4,2,4,3,1,1,2,1,1,1,3,3,4,3,1,4,1,3,1,21,1,,1,,5,,1,2,,教育学部小学校教育コース,,1,,1,英語,2,2,,0,,,
B,2,0,20,2,1,2,4,3,2,2,1,5,3,3,5,3,4,3,3,2,1,4,1,5,3,4,5,5,5,2,3,5,4,4,4,3,3,2,2,1,4,1,1,1,5,5,3,4,2,4,2,3,1,21,1,,1,,1,,1,2,,教育学部小学校教育コース,,1,,1,英語,2,3,,0,,,
B,2,0,21,2,3,2,4,2,1,1,1,4,2,2,2,4,4,2,2,2,1,3,4,2,2,1,4,2,2,2,4,4,2,2,3,2,4,4,3,2,4,1,1,1,4,2,3,3,2,4,2,3,1,19,1,,1,,1,,1,2,,教育学部小学校教育コース,,1,,1,英語,2,3,,0,,,
B,2,0,22,2,2,4,3,2,1,3,3,3,2,2,3,3,2,1,3,2,1,2,2,4,2,1,3,4,3,2,2,3,2,2,2,1,3,3,3,1,2,1,1,4,3,2,3,3,2,3,2,3,1,20,1,,1,,2,,1,2,,教育学部小学校教育コース,,1,,2,,,,,0,,,
B,2,0,23,1,1,3,5,2,1,5,3,2,1,2,3,4,4,3,3,3,2,1,2,2,1,1,2,2,3,1,3,3,3,3,2,1,1,1,1,1,1,1,1,1,1,1,1,1,1,1,1,1,2,20,1,,1,,1,,1,2,,教育学部小学校教育コース,,1,,2,,,,,0,,,
B,2,0,24,2,2,2,5,5,5,1,2,3,5,3,3,3,3,2,4,2,1,4,2,4,3,1,3,4,4,4,3,3,2,2,1,1,3,3,1,1,3,1,1,1,1,3,3,3,1,4,1,3,1,20,1,,1,,1,,1,2,,教育学部小学校教育コース,,1,,2,,,,,0,,,
B,2,0,25,3,1,1,1,5,1,1,2,2,1,1,5,1,2,1,5,1,1,3,2,3,2,1,3,5,4,3,1,4,2,2,1,1,3,1,1,1,3,1,1,1,3,4,3,4,2,5,1,4,2,19,1,,1,,5,,1,2,,教育学部小学校教育コース,,1,,2,,,,,0,,,
B,2,0,26,3,2,3,4,4,2,4,2,2,1,2,4,3,3,3,3,2,1,2,3,3,2,1,4,2,3,2,3,4,3,3,4,5,3,1,1,2,3,1,1,1,4,3,3,4,2,3,2,2,1,20,1,,1,,1,,1,2,,教育学部小学校教育コース,,1,,2,,,,,0,,,
B,2,0,27,2,1,1,1,4,2,1,1,3,3,3,3,4,3,4,4,2,1,3,2,4,4,1,5,5,2,2,3,5,4,3,4,4,4,4,3,3,3,2,4,3,4,4,3,4,4,4,3,3,1,21,1,,1,,1,,1,2,,教育学部小学校教育コース,,1,,1,英語,1,7,,0,,,
B,2,0,28,4,1.5,4,3,2,2,1,1,5,2,2,5,3,2,2,2,1,1,2,1,1,1,1,5,1,4,1,3,5,1,1,2,1,4,1,1,3,1,1,1,1,1,3,3,4,2,3,1,5,2,0,1,,1,,1,,1,2,,教育学部小学校教育コース,,1,,1,英語,2,2,,0,,,IS２重回答
B,2,0,29,2,2,4,4,4,2,2,2,4,3,3,4,5,3,4,4,2,1,3,4,4,3,3,4,5,4,2,4,4,5,5,4,3,4,3,3,3,4,5,4,2,3,2,3,3,3,4,5,4,2,20,1,,1,,1,,1,2,,教育学部小学校教育コース,,1,,1,英語,2,2,,2,1・2,,
B,2,0,30,2,1,2,5,3,2,3,2,4,4,3,4,4,1,3,4,2,1,2,1,5,3,2,4,5,3,2,4,4,3,4,4,2,3,2,2,2,2,4,2,1,4,2,3,4,2,3,2,2,3,20,1,,1,,1,,1,2,,教育学部小学校教育コース,,1,,1,英語,2,1,,1,2,,
B,2,0,31,3,1,2,5,3,2,2,2,5,2,2,5,3,3,3,4,2,1,3,2,2,2,1,5,4,3,2,4,5,3,2,2,2,3,3,3,2,2,1,1,1,4,4,3,4,3,4,2,3,2,20,1,,1,,1,,1,2,,教育学部小学校教育コース,,1,,1,英語,1,3,,0,,,
B,2,0,32,3,2,2,3,2,2,2,3,3,2,2,3,3,2,2,3,2,1,3,2,2,3,1,2,1,3,3,3,3,2,2,2,2,2,2,1,1,2,1,1,1,2,2,2,3,2,5,2,3,1,,1,,1,,1,,1,2,,教育学部小学校教育コース,,1,,1,英語,2,3,,0,,,年齢の記載なし
B,2,0,33,2,2,2,3,2,1,2,2,3,2,2,4,3,2,2,2,3,1,3,1,1,3,1,4,2,2,3,4,4,2,2,2,1,3,2,1,2,2,1,1,1,3,3,3,3,1,5,2,5,1,20,1,,1,,5,,1,2,,教育学部小学校教育コース,,1,,2,,,,,1,5,高校の修学旅行,
B,2,0,34,2,2,2,4,2,3,2,2,4,2,3,3,3,2,3,3,2,1,4,1,3,3,1,4,2,4,3,3,4,2,2,2,1,2,1,3,2,2,1,2,1,2,4,1,3,1,4,1,3,1,20,1,,1,,6,,1,2,,教育学部小学校教育コース,,1,,1,英語・韓国語,1,4,,1,5,高校の修学旅行,
B,2,0,35,3,2,2,4,2,2,3,2,3,1,3,3,3,3,3,4,2,1,3,2,3,2,1,3,3,4,3,3,3,1,2,2,1,2,2,1,2,2,2,1,1,2,2,2,3,2,3,2,3,1,20,1,,1,,1,,1,2,,教育学部小学校教育コース,,1,,1,英語,2,4,,1,2,,
B,2,0,36,3,1,2,5,2,4,4,2,4,2,3,3,2,2,4,2,1,1,3,1,2,1,1,5,2,2,3,3,5,3,3,2,1,3,3,1,1,2,4,1,1,3,,4,4,2,5,1,1,1,20,1,,1,,6,,1,2,,教育学部小学校教育コース,,1,,2,,,,,0,,,GC18記載なし
B,2,0,37,3,2,3,3,2,2,4,2,3,2,2,4,3,1,2,4,4,1,3,2,2,3,1,3,2,2,4,3,3,1,2,1,1,2,2,1,1,2,1,1,1,3,3,2,3,2,4,1,4,1,19,1,,1,,6,,1,2,,教育学部小学校教育コース,,1,,2,,,,,0,,,
B,2,0,38,2,2,2,4,2,4,2,2,2,4,4,4,2,2,2,4,2,5,2,4,4,4,2,3,3,2,3,3,4,2,2,4,2,3,2,2,2,2,2,1,1,3,2,2,3,2,4,2,2,1,20,1,,1,,6,,1,2,,教育学部小学校教育コース,,1,,2,,,,,2,2,,
B,2,0,39,2,1,3,4,3,2,2,2,3,3,3,4,3,3,2,3,2,1,3,4,2,4,1,3,4,2,2,2,4,2,3,2,2,3,2,1,2,2,1,1,1,2,3,3,3,1,4,1,2,1,20,1,,1,,6,,1,2,,教育学部小学校教育コース,,1,,2,,,,,0,,,
B,2,0,40,2,2,2,5,3,2,3,3,3,3,2,5,2,3,2,2,2,1,2,3,4,3,1,4,4,4,2,4,3,3,2,1,1,5,1,1,2,2,1,1,1,3,2,2,3,2,3,1,3,1,20,1,,1,,1,,1,2,,教育学部小学校教育コース,,1,,2,,,,,0,,,
B,2,0,41,2,3,3,4,3,3,4,2,3,2,3,4,4,2,2,3,3,1,3,3,3,3,1,4,4,3,3,3,4,2,2,1,1,2,2,2,2,2,1,1,1,3,3,3,4,2,3,2,4,1,19,1,,1,,1,,1,2,,教育学部小学校教育コース,,1,,2,,,,,0,,,
B,2,0,42,2,2,2,4,3,1,5,3,2,2,2,4,2,3,3,3,2,1,4,2,3,2,1,4,3,3,2,3,3,3,2,2,1,1,1,1,1,2,1,1,1,3,3,2,4,2,5,1,3,1,20,1,,1,,1,,1,2,,教育学部小学校教育コース,,1,,2,,,,,0,,,
B,2,0,43,4,2,3,3,2,2,3,3,3,1,2,4,3,4,2,3,3,1,1,5,4,3,1,4,3,2,2,2,4,2,2,2,1,3,2,1,2,2,5,1,1,2,3,2,4,1,4,2,3,1,20,1,,1,,6,,1,2,,教育学部小学校教育コース,,1,,2,,,,,2,2・5,高校の修学旅行,
B,2,0,44,2,2,1,2,2,2,1,2,3,2,3,2,2,2,1,2,3,1.5,,2,2,2,1,2,3,2,2,2,1,2,2,2,1,2,3,3,2,3,3,5,3,3,4,2,2,3,2,3,2,2,21,1,,1,,1,,1,2,,教育学部小学校教育コース,,1,,2,,,,,0,,,IS18重回答IS19無回答
B,2,0,45,4,2,4,5,5,2,4,2,5,3,3,5,3,2,3,4,1,1,2,2,2,1,1,4,2,4,3,4,4,3,3,2,2,4,3,3,3,4,1,1,1,5,5,4,4,2,5,2,4,2,20,1,,1,,1,,1,2,,教育学部小学校教育コース,,1,,1,,2,3,,0,,,
B,2,0,46,1,2,4,5,4,5,1,2,4,4,4,5,5,3,4,5,5,1,4,4,3,2,1,4,5,4,4,4,5,3,3,2,2,4,4,1,3,4,1,1,1,4,4,4,3,2,5,4,4,2,20,1,,1,,1,,1,2,,教育学部小学校教育コース,,1,,1,英語,1,2,授業時のみ,0,,,
B,2,0,47,3,2,4,4,2,2,3,2,4,3,3,4,,3,2,2,3,1,3,2,3,3,3,5,4,3,3,3,3,2,2,2,1,3,2,1,2,4,1,1,1,3,3,3,5,2,5,1,3,1,20,1,,1,,6,,1,2,,教育学部小学校教育コース,,1,,2,,,,,0,,,
B,2,0,48,3,1,4,4,2,1,4,4,2,2,2,4,4,2,4,2,4,1,4,2,2,4,2,4,1,4,3,4,4,2,2,2,1,3,2,2,2,2,2,2,2,2,4,3,4,2,4,2,2,1,20,1,,1,,1,,1,2,,教育学部小学校教育コース,,1,,2,,,,,1,2,,
B,2,0,49,1,1,3,5,3,2,2,2,4,4,3,3,2,2,3,3,2,1,4,3,2,2,1,4,4,4,2,3,4,4,4,4,3,5,3,4,3,2,1,4,4,4,3,4,4,3,3,3,2,1,20,1,,1,,1,,1,2,,教育学部小学校教育コース,,1,,1,英語,2,,2,3,2・5,高校の修学旅行,
B,2,0,50,2,4,3,4,2,4,4,4,3,2,2,3,3,3,3,2,2,1,2,2,3,2,1,3,2,2,3,2,2,2,2,2,2,4,2,1,1,1,1,1,1,4,4,2,2,2,4,2,4,1,19,1,,1,,1,,1,2,,教育学部小学校教育コース,,1,,2,,,,,3,2・5,高校の修学旅行,
B,2,0,51,2,2,3,3,3,2,2,1,4,3,3,3,2,3,3,4,2,1,3,2,3,3,3,3,3,3,2,3,3,2,3,3,3,3,3,3,3,3,3,3,3,3,3,3,3,3,3,2,3,1,20,1,,1,,,,1,2,,教育学部小学校教育コース,,1,,2,,,,,1,5,修学旅行,宗教無回答
B,2,0,52,2,2,3,4,3,2,2,2,3,3,2,3,3,1,3,3,3,1,4,3,3,3,1,3,4,3,3,3,4,2,2,3,2,2,2,1,2,3,1,1,1,3,3,3,3,2,4,1,4,1,20,1,,1,,6,,1,2,,教育学部小学校教育コース,,1,,2,,,,,0,,,
B,2,0,53,2,1,4,5,2,3,3,2,3,2,2,4,4,2,3,2,2,1,3,3,2,3,1,4,3,3,3,4,3,2,2,2,1,2,1,1,2,3,1,1,1,2,3,4,5,2,3,1,2,2,19,1,,1,,6,,1,2,,教育学部小学校教育コース,,1,,2,,,,,0,,,
B,2,0,54,2,1,2,1,2,2,2,1,5,2,2,3,4,2,3,2,2,1,3,2,3,3,1,4,5,3,2,4,4,2,3,1,1,3,3,3,1,2,1,1,4,3,4,3,2,2,3,1,3,1,20,1,,1,,1,,1,2,,教育学部小学校教育コース,,1,,1,英語,2,7,,0,,,
B,2,0,55,4,1,2,4,3,2,2,3,2,2,2,3,4,2,1,4,1,1,5,1,4,3,1,5,5,5,2,4,5,3,2,1,2,2,3,1,2,3,1,1,1,3,4,2,4,1,5,1,2,1,20,1,,1,,1,,1,2,,教育学部小学校教育コース,,1,,1,英語,2,2,,0,,,
B,2,0,56,2,2,3,4,3,2,2,1,3,2,2,5,4,3,3,4,2,1,3,2,2,3,1,2,1,2,2,3,3,3,2,2,1,1,1,1,1,1,1,1,1,3,5,2,2,1,4,1,4,2,20,1,,1,,1,,1,2,,教育学部小学校教育コース,,1,,2,,,,,0,,,
B,2,0,57,4,1,4,5,2,2,4,1,4,3,1,4,5,4,3,4,4,1,5,1,1,1,1,5,5,5,2,4,4,3,3,2,1,4,1,1,2,3,1,1,1,3,4,3,4,2,5,1,1,2,,1,,1,,6,,1,2,,教育学部小学校教育コース,,1,,2,,,,,0,,,年齢の記載なし
B,2,0,58,2,3,1,5,3,1,2,3,2,3,4,4,5,4,2,5,1,1,5,1,1,5,1,5,5,3,4,5,4,1,2,1,1,5,2,1,3,4,4,1,1,5,5,3,3,2,5,1,5,2,20,1,,1,,6,,1,2,,教育学部小学校教育コース,,1,,1,英語,2,3,,1,5,高校の修学旅行,
B,2,0,59,2,4,1,5,3,5,4,3,5,3,3,1,3,1,2,2,5,1,4,5,4,5,1,1,1,5,5,5,1,2,2,1,2,3,2,4,2,4,1,1,1,2,5,5,5,1,5,2,5,2,20,1,,1,,5,,1,2,,教育学部小学校教育コース,,1,,1,英語,2,2,,1,2,,
B,2,0,60,2,2,3,4,3,2,2,3,4,2,3,3,4,2,3,3,4,1,2,2,2,2,1,2,2,3,2,3,3,4,2,2,1,3,2,2,1,3,1,1,1,4,4,2,3,2,3,2,3,2,20,1,,1,,6,,1,2,,教育学部小学校教育コース,,1,,1,英語,2,7,,,,,渡航歴記載なし
B,2,0,61,2,3,2,2,2,1,2,2,3,3,3,2,3,3,2,3,2,1,1,1,4,4,3,3,4,3,3,2,3,2,2,1,1,2,2,1,1,2,1,1,1,2,1,2,2,2,3,2,2,2,20,1,,1,,1,,1,2,,教育学部小学校教育コース,,1,,1,英語,2,3,,0,,,
B,2,0,62,2,1,3,4,2,1,3,1,5,2,3,2,5,2,1,3,1,1,3,1,2,1,1,3,2,2,3,4,4,3,2,2,1,2,1,1,1,2,5,1,1,3,3,3,4,3,5,2,5,1,21,1,,1,,1,,1,2,,教育学部小学校教育コース,,1,,1,英語,2,2,,1,5,高校の修学旅行,
B,2,0,63,2,1,3,4,4,3,3,2,3,4,4,4,4,3,4,2,2,1,4,3,3,4,2,3,3,3,2,3,3,3,3,3,4,4,4,2,3,3,1,1,1,3,3,3,4,3,4,4,4,2,21,1,,1,,1,,1,2,,教育学部小学校教育コース,,1,,2,,,,,0,,,
B,2,0,64,2,1,2,5,3,3,3,1,5,3,3,,5,3,3,3,1,1,4,1,3,3,1,4,2,4,2,3,4,3,4,2,2,3,3,2,2,3,1,1,1,3,3,5,5,4,5,2,4,2,20,1,,1,,1,,1,2,,教育学部小学校教育コース,,1,,1,英語,2,2,,0,,,
B,2,0,65,2,2,2,4,3,1,5,5,2,2,2,5,5,2,3,3,5,1,5,1,1,3,3,3,3,5,3,3,5,3,3,1,1,2,2,1,1,3,1,1,1,1,5,1,5,1,5,1,5,1,19,1,,1,,1,,1,2,,教育学部小学校教育コース,,1,,2,,,,,0,,,
B,2,0,66,2,1,3,5,2,2,2,1,4,2,1,2,3,5,5,3,1,1,2,1,2,2,2,5,4,4,3,4,5,2,4,2,2,3,2,2,1,5,1,1,1,3,4,3,5,2,5,1,4,1,20,1,,1,,6,,1,2,,教育学部小学校教育コース,,1,,,,,,,,,,demogaphics 9以降記載なし
B,2,0,67,2,1,3,4,2,2,4,3,3,3,2,4,4,2,1,3,3,1,4,2,2,3,1,3,2,3,2,4,4,2,2,2,2,3,2,1,2,2,4,1,1,3,2,3,3,3,4,2,4,2,20,1,,1,,,,1,2,,教育学部小学校教育コース,,1,,1,英語,3,2,,3,,,宗教記載なし
B,2,0,68,1,2,3,4,3,2,2,1,3,1,3,2,4,4,3,2,2,1,4,3,2,3,1,4,4,4,4,2,3,3,2,3,4,2,1,4,1,3,2,1,1,3,3,2,3,2,3,3,4,2,21,1,,1,,6,,1,2,,教育学部小学校教育コース,,1,,1,英語,2,,2,1,2,,
B,2,0,69,2,4,2,4,4,2,2,4,2,4,4,4,4,2,4,4,2,1,4,4,2,3,1,4,3,4,4,4,4,2,4,4,1,4,2,1,1,1,1,1,1,4,4,4,4,1,4,1,5,1,21,1,,1,,6,,1,2,,教育学部小学校教育コース,,1,,2,,,,,0,,,
B,2,0,70,1,2,4,5,5,3,4,2,4,2,1,4,4,4,3,2,2,1,4,2,2,4,1,4,4,3,2,4,5,4,3,2,1,5,4,1,2,3,1,3,1,4,4,4,5,4,4,1,2,2,20,1,,1,,7,創価学会,1,2,,教育学部小学校教育コース,,1,,1,英語,2,4,,0,,,
B,2,0,71,1,3,3,5,4,2,3,1,2,4,5,2,4,5,3,1,2,1,2,3,3,2,4,5,4,3,1,3,4,4,5,1,2,5,5,2,1,5,4,1,1,3,2,5,5,2,4,2,3,2,21,1,,1,,6,,1,2,,教育学部小学校教育コース,,1,,1,英語,2,1,,1,2,,渡航Y;回数記載なし
B,2,0,72,2,1,2,5,3,2,1,2,3,5,3,3,4,4,4,3,3,1,4,2,3,3,2,5,4,2,2,3,5,3,3,3,1,5,3,1,1,3,1,1,1,4,3,4,4,3,4,2,2,1,20,1,,1,,6,,1,2,,教育学部小学校教育コース,,1,,2,,,,,0,,,
B,2,0,73,2,1,3,5,3,1,2,1,3,1,2,5,3,3,3,2,2,1,3,5,2,1,1,3,2,3,2,3,3,1,1,1,1,3,3,1,1,1,1,1,1,2,2,2,1,1,5,1,3,1,20,1,,1,,5,,1,2,,教育学部小学校教育コース,,1,,2,,,,,0,,,
B,2,0,74,2,2,3,4,3,4,1,2,3,4,2,4,4,2,2,3,2,1,4,2,3,2,1,3,4,3,3,3,4,2,1,1,1,2,2,1,1,3,1,1,1,3,4,2,4,2,4,1,2,1,20,1,,1,,1,,1,2,,教育学部小学校教育コース,,1,,2,,,,,0,,,
B,2,0,75,3,1,2,4,2,2,2,3,5,2,2,3,4,4,2,4,4,1,4,2,3,2,1,4,3,3,2,4,3,4,2,2,1,2,2,2,1,2,4,1,1,4,3,2,4,2,5,1,4,1,20,1,,1,,6,,1,2,,教育学部小学校教育コース,,1,,1,英語,2,3,,1,1,,
B,2,0,76,4,1,2,3,3,1,2,1,3,3,2,3,3,1,3,3,1,1,1,1,2,1,1,3,3,2,2,3,3,2,3,4,1,5,1,3,2,3,2,1,1,3,2,3,2,1,2,1,2,1,20,1,,1,,7,特になし,1,2,,教育学部小学校教育コース,,1,,2,,,,,1,5,修学旅行にグアムへ,
B,2,0,77,2,2,2,4,3,3,2,2,4,3,2,3,2,2,2,3,2,1,3,2,2,2,2,3,2,3,1,3,5,2,1,2,1,5,3,1,1,3,1,2,1,3,3,3,3,2,3,1,1,1,0,1,,1,,1,,1,2,,教育学部小学校教育コース,,1,,1,英語,1,5,,0,,,
B,2,0,78,2,1,4,5,2,2,3,4,4,2,2,4,4,2,3,4,2,1,3,2,2,2,1,4,4,3,4,4,4,3,4,2,2,3,2,4,2,2,4,2,1,3,3,3,2,2,4,2,4,1,20,1,,1,,1,,1,2,,教育学部小学校教育コース,,1,,1,英語,2,2,,2,1・2,,
B,2,0,79,2,1,1,5,2,3,3,2,4,3,2,5,4,3,3,4,3,1,2,1,1,2,1,4,1,4,3,4,5,2,4,1,1,4,1,1,1,3,1,1,1,3,5,2,3,1,5,1,1,1,20,1,,1,,1,,1,2,,教育学部小学校教育コース,,1,,1,英語,2,2,,0,,,
B,2,0,80,3,1,1,5,2,3,1,1,5,3,3,1,4,4,4,4,1,1,4,1,1,4,4,5,4,4,4,5,5,4,4,4,1,2,2,1,2,4,3,1,1,5,4,2,4,2,5,2,5,1,20,1,,1,,6,,1,2,,教育学部小学校教育コース,,1,,2,,,,,3,1・2,,
B,2,0,81,2,1,4,5,5,5,1,3,5,5,3,5,5,2,3,4,2,1,4,4,3,3,1,3,5,2,2,4,4,3,3,2,2,4,1,3,2,4,1,1,1,5,3,2,4,3,5,3,5,2,20,1,,1,,1,,1,2,,教育学部小学校教育コース,,1,,1,英語,1,7,,0,,,
B,2,0,82,3,2,3,4,2,4,3,2,3,3,2,4,3,4,4,4,2,1,4,2,2,3,1,3,3,3,2,2,4,3,2,2,2,2,2,1,1,3,1,1,1,3,1,1,1,1,4,1,3,1,21,1,,1,,,,1,2,,教育学部小学校教育コース,,1,,2,,,,,1,2,,
B,2,0,83,2,2,,3,2,4,4,5,4,4,3,4,2,2,4,4,1,1,1,5,5,5,4,3,1,3,2,4,4,5,4,4,3,4,2,2,4,4,1,1,1,5,5,5,4,3,5,3,5,1,20,1,,1,,5,,1,2,,教育学部小学校教育コース,,1,,2,,,,,0,,,IS3記載なし
B,2,0,84,2,2,2,5,2,3,1,2,3,3,2,3,2,3,3,3,2,1,3,2,2,2,1,4,1,2,4,3,4,3,3,2,1,2,2,1,2,3,1,1,1,4,3,3,3,2,5,3,4,1,20,1,,1,,1,,1,2,,教育学部小学校教育コース,,1,,2,,,,,0,,,
B,2,0,85,2,1,2,3,2,2,3,2,2,4,3,4,2,3,1,2,3,1,2,2,2,2,1,4,3,2,2,3,5,2,2,2,1,3,1,1,1,2,4,1,1,2,3,2,2,1,4,1,3,1,20,1,,1,,1,,1,2,,教育学部小学校教育コース,,1,,2,,,,,1,5,ホームステイ小学校参加体験,
B,2,0,86,3,1,3,4,3,2,2,2,3,4,3,4,3,3,3,3,2,1,4,2,3,3,3,3,4,4,3,3,4,3,3,3,3,3,3,1,2,3,1,1,1,3,3,3,3,2,3,3,3,1,20,1,,1,,1,,1,2,,教育学部小学校教育コース,,1,,1,英語,1,3,,0,,,
B,2,0,87,3,2,2,4,3,2,2,2,4,3,3,3,3,3,3,3,3,1,4,2,4,4,2,3,4,4,3,4,4,4,3,4,3,3,3,2,3,3,1,1,1,4,4,3,4,3,4,3,3,1,20,1,,1,,5,,1,2,,教育学部小学校教育コース,,1,,1,英語,2,3,,0,,,
B,2,0,88,1,1,2,5,3,2,2,4,5,4,4,3,4,4,4,3,2,1,2,2,2,3,1,4,1,3,3,3,3,3,2,2,2,2,2,1,2,4,1,1,1,3,4,4,4,3,4,3,3,1,20,1,,1,,1,,1,2,,教育学部小学校教育コース,,1,,2,,,,,0,,,
B,2,0,89,2,3,2,4,2,2,2,1,4,3,2,3,4,3,4,4,2,1,3,1,2,3,1,5,5,4,2,3,3,3,2,3,2,4,3,1,2,3,1,1,1,3,3,3,3,2,5,2,2,2,20,1,,1,,7,神道,1,2,,教育学部小学校教育コース,,1,,1,英語,3,1,,0,,,
B,2,0,90,1,2,2,2,1,2,2,2,1,2,1,2,2,1,2,2,2,1,2,1,2,2,1,2,1,2,1,2,1,2,2,2,1,2,1,2,2,2,1,2,2,2,2,1,1,2,1,2,1,2,20,1,,1,,6,,1,2,,教育学部小学校教育コース,,1,,1,,1,7,,2,2,,第２言語の記載なし
B,2,0,91,2,5,5,5,5,5,2,2,4,4,3,4,3,3,3,2,5,1,2,5,4,2,4,5,5,1,1,3,5,4,2,,3,4,5,3,2,4,3,2,4,3,,4,2,3,5,5,5,2,21,1,,1,,6,,1,2,,教育学部小学校教育コース,,1,,1,英語,2,1,,1,1,,IS18無回答
B,2,0,92,3,3,4,5,5,3,5,2,3,3,4,4,4,4,4,4,4,1,4,4,3,4,4,4,4,1,1,1,5,4,3,1,3,3,3,4,3,3,4,3,2,3,4,3,4,5,4,4,4,1,20,1,,1,,6,,1,2,,教育学部小学校教育コース,,1,,2,,,,,1,5,修学旅行,
B,2,0,93,1,1,5,5,4,3,2,1,5,3,3,3,3,3,3,3,3,3,3,3,3,3,3,3,3,3,3,3,3,3,3,3,3,3,3,3,3,3,3,3,3,3,3,3,3,3,3,3,3,1,21,1,,1,,2,,1,2,,教育学部小学校教育コース,,1,,1,英語,1,7,,0,,,
B,2,0,94,5,1,2,5,2,2,2,2,5,5,5,5,2,2,5,5,2,1,5,5,5,5,5,5,5,1,1,5,5,5,3,3,3,3,3,3,3,3,3,3,3,3,3,3,3,3,3,3,3,2,20,1,,1,,5,,1,2,,教育学部小学校教育コース,,1,,1,英語,1,2,,0,,,
B,2,0,95,2,2,3,2,2,3,3,3,2,3,2,3,2,3,2,3,3,1,4,4,2,2,1,3,2,3,2,3,4,3,2,2,2,3,3,2,1,2,2,2,1,3,2,3,4,4,2,2,3,1,21,1,,1,,6,,1,2,,教育学部小学校教育コース,,1,,1,英語,2,2,,0,,,
B,2,0,96,3,1,3,3,4,2,3,2,3,2,2,4,2,2,2,5,2,1,3,2,2,2,1,4,4,4,4,4,4,2,4,3,3,1,1,1,2,2,1,1,1,3,4,3,4,1,2,1,1,1,20,1,,1,,1,,1,2,,教育学部小学校教育コース,,1,,2,,,,,0,,,
B,2,0,97,2,2,3,3,4,2,2,2,3,3,4,4,3,2,2,4,3,1,3,3,3,3,1,3,3,4,4,4,2,3,3,1,1,2,1,1,1,2,1,1,1,1,3,2,3,1,5,1,1,1,20,1,,1,,6,,1,2,,教育学部小学校教育コース,,1,,1,英語,2,2,,3,2,修学旅行,
B,2,0,98,2,1,2,4,2,1,3,3,4,3,3,5,3,2,2,4,2,1,4,2,2,2,1,4,1,2,4,3,3,3,2,2,1,2,2,1,1,2,1,1,1,3,4,3,4,2,5,1,4,1,20,1,,1,,6,,1,2,,教育学部小学校教育コース,,1,,1,英語,2,2,,1,2,高校の修学旅行,
B,2,0,99,2,1,3,5,2,2,4,4,3,3,2,3,2,3,3,3,3,1,3,5,3,3,2,2,3,5,4,4,3,2,3,3,3,4,2,3,4,4,3,3,4,3,3,3,4,3,3,2,3,2,22,1,,1,,6,,1,2,,教育学部小学校教育コース,,1,,2,,,,,1,2,,
B,2,0,100,2,2,2,4,3,2,4,3,4,5,4,4,4,3,4,4,3,1,4,2,4,4,4,4,4,4,2,4,4,3,3,3,2,3,2,1,2,4,2,2,1,3,3,3,4,2,2,4,4,1,20,1,,1,,1,,1,2,,教育学部小学校教育コース,,1,,1,英語,2,2,,1,5,高校の修学旅行,
B,2,0,101,2,2,3,4,4,2,3,1,4,3,3,4,4,2,3,4,4,1,3,2,4,4,1,4,5,4,2,3,4,3,2,3,3,4,3,1,1,2,1,1,1,2,4,3,4,2,3,2,4,1,20,1,,1,,1,,1,2,,教育学部小学校教育コース,,1,,1,英語,2,2,,0,,,
B,2,0,102,2,1,2,4,3,1,3,2,4,2,3,4,5,4,3,2,2,1,3,2,3,2,1,4,3,4,1,3,4,2,3,3,1,4,2,2,2,3,1,1,1,3,3,3,3,2,4,2,4,1,20,1,,1,,5,,1,2,,教育学部小学校教育コース,,1,,2,,,,,0,,,
B,2,0,103,2,4,3,4,3,2,3,2,3,2,3,4,4,3,3,4,3,1,5,3,2,3,1,3,3,3,2,5,3,3,3,3,4,,3,3,3,2,4,3,3,3,4,3,3,,3,3,4,2,20,1,,1,,1,,1,2,,教育学部小学校教育コース,,1,,2,,,,,3,1・2,,"GC9, GC21無回答"
B,2,0,104,2,2,4,5,2,4,2,2,4,2,2,4,2,4,4,5,2,1,4,2,2,4,1,5,4,4,4,4,4,2,2,2,2,4,4,1,1,5,2,1,1,2,4,2,4,1,4,1,1,1,20,1,,1,,6,,1,2,,教育学部小学校教育コース,,1,,1,英語,2,7,,0,,,
B,2,0,105,3,2,3,3,3,1,3,3,3,2,2,4,2,2,2,2,2,1,2,2,3,3,3,3,3,3,3,3,3,2,2,1,1,1,3,1,1,3,1,1,1,1,1,2,2,2,2,2,2,1,20,1,,1,,7,神道,1,2,,教育学部小学校教育コース,,1,,1,英語,1,3,,2,2・4,,
B,2,0,106,2,2,3,4,4,4,2,2,3,3,3,3,3,2,3,2,2,1,3,2,3,3,3,4,4,3,1,3,4,4,4,3,2,4,4,2,2,3,4,4,3,5,3,3,3,4,4,3,3,1,20,1,,1,,6,,1,2,,教育学部小学校教育コース,,1,,1,英語,3,3,,0,,,
B,2,0,107,2,1,2,4,3,2,4,3,4,3,2,4,3,3,3,4,2,1,3,4,4,4,1,5,5,3,2,4,4,2,1,2,1,3,1,1,1,3,1,1,1,3,3,2,4,1,2,1,1,1,20,1,,1,,1,,1,2,,教育学部小学校教育コース,,1,,2,,,,,0,,,
B,2,0,108,3,2,2,4,2,1,2,1,4,2,3,3,2,2,3,4,2,1,2,1,1,2,2,3,3,3,2,3,3,3,2,2,2,3,3,3,1,2,4,2,2,1,2,3,2,3,3,2,2,2,21,1,,1,,6,,1,2,,教育学部小学校教育コース,,1,,1,英語,1,2,,1,2,,
B,2,0,109,3,2,2,4,2,2,4,2,4,2,2,3,3,2,4,4,2,1,2,1,2,2,1,3,2,2,3,3,3,2,2,2,2,2,2,2,2,2,2,1,1,2,3,1,4,1,4,1,3,2,20,1,,1,,6,,1,2,,教育学部小学校教育コース,,1,,2,,,,,0,,,
B,2,0,110,2,1,2,3,3,2,1,1,4,2,3,3,4,3,3,3,2,1,3,4,2,2,4,5,5,5,1,4,5,3,2,3,1,2,2,1,3,4,1,1,1,4,4,2,3,2,5,3,5,2,20,1,,1,,6,,1,2,,教育学部小学校教育コース,,1,,2,,,,,0,,,
B,2,0,111,2,1,3,4,2,1,3,2,4,2,2,4,4,2,4,2,2,1,3,1,3,4,1,3,4,3,3,3,3,2,2,3,2,2,3,2,3,4,2,1,1,3,3,2,3,2,4,2,3,2,21,1,,1,,6,,1,2,,教育学部小学校教育コース,,1,,1,英語,2,3,,0,,,
B,2,0,112,2,2,3,3,2,2,3,2,3,2,2,3,2,2,3,3,2,1,3,1,3,3,1,3,3,4,3,3,3,1,1,1,1,2,2,1,1,3,1,1,1,3,3,2,3,1,3,1,3,2,20,1,,1,,6,,1,2,,教育学部小学校教育コース,,1,,2,,,,,0,,,
B,2,0,113,4,2,1,5,2,2,3,1,3,2,3,5,3,4,1,3,4,1,4,2,2,5,1,4,3,3,3,4,4,2,4,2,2,3,2,2,3,4,1,1,1,4,2,4,5,2,5,3,3,2,20,1,,1,,6,,1,2,,教育学部小学校教育コース,,1,,1,英語,2,3,,0,,,
B,2,0,114,2,1,3,3,2,1,3,3,5,3,2,4,3,3,4,4,2,1,3,4,2,2,1,4,1,4,4,2,3,2,3,3,3,2,3,1,1,3,5,5,2,1,2,2,2,2,3,2,3,1,20,1,,1,,6,,1,2,,教育学部小学校教育コース,,1,,2,,,,,1,1・2,,
B,2,0,115,4,1,2,4,3,2,2,2,3,2,2,3,2,2,3,3,2,1,3,2,2,3,1,3,3,3,3,3,3,3,2,2,1,2,1,1,1,2,2,1,1,3,3,2,3,1,4,2,3,1,20,1,,1,,6,,1,2,,教育学部小学校教育コース,,1,,2,,,,,1,2,高校の修学旅行,
B,2,0,116,2,1,2,4,4,,3,2,4,2,3,4,3,3,4,3,3,1,3,2,3,3,1,4,1,4,2,3,3,3,4,3,2,3,3,1,2,2,1,1,1,3,3,2,4,2,5,2,4,2,19,1,,1,,6,,1,2,,教育学部小学校教育コース,,1,,1,英語,2,6,,0,,,
B,2,0,117,2,1,2,5,3,2,3,2,3,2,3,4,3,2,2,4,3,1,3,1,2,3,1,4,2,4,2,3,4,2,2,1,1,2,1,1,1,2,2,1,1,3,2,3,4,2,5,1,4,1,20,1,,1,,6,,1,2,,教育学部小学校教育コース,,1,,2,,,,,1,5,高校の修学旅行,
B,2,0,118,2,2,4,4,4,1,3,2,3,2,2,4,2,4,2,5,2,1,5,2,3,5,2,3,3,3,2,2,4,4,3,3,3,3,3,2,2,3,5,4,3,4,4,4,3,3,4,2,3,2,20,1,,1,,6,,1,2,,教育学部小学校教育コース,,1,,1,英語,2,5,,2,2・5,高校の修学旅行,
B,2,0,119,2,2,3,5,2,3,3,2,5,4,3,5,4,3,4,4,4,4,3,3,3,2,2,3,2,3,4,4,4,4,3,3,3,2,2,3,2,2,2,1,1,3,4,2,3,3,3,2,3,1,20,1,,1,,1,,1,2,,教育学部小学校教育コース,,1,,2,,,,,1,2,修学旅行　　　,
B,2,0,120,4,2,3,4,2,2,4,4,3,2,2,2,2,2,2,3,3,1,2,2,2,2,1,3,2,2,4,3,3,2,2,1,1,3,2,2,1,2,1,1,1,1,2,2,4,2,3,1,1,1,20,1,,1,,6,,1,2,,教育学部小学校教育コース,,1,,2,,,,,0,,,
B,2,0,121,3,4,3,2,2,1,1,1,1,1,1,2,4,4,1,3,4,1,5,2,3,1,1,4,1,3,3,2,3,1,2,1,1,3,1,1,1,3,1,1,1,1,4,3,4,1,5,1,3,2,20,1,,1,,6,,1,2,,教育学部小学校教育コース,,1,,2,,,,,0,,,IS3重回答
B,2,0,122,2,1,2,2,1,1,3,3,2,2,2,2,3,1,3,3,1,1,3,1,1,2,1,1,3,1,5,2,2,1,2,1,1,2,1,2,1,2,1,1,1,1,1,1,2,1,4,1,3,2,,1,,1,,6,,1,2,,教育学部小学校教育コース,,1,,2,,,,,0,,,年齢未記入
B,2,0,123,2,1,3,4,2,3,2,1,4,2,2,4,3,2,2,2,2,1,4,2,2,3,1,3,5,3,1,2,3,2,2,1,1,3,2,3,1,2,1,2,1,3,1,3,4,3,4,1,1,1,20,1,,1,,,,1,2,,教育学部小学校教育コース,,1,,2,,,,,0,,,宗教未記入
B,2,0,124,2,2,2,5,5,2,2,1,5,3,3,2,5,5,5,3,1,1,5,2,3,3,1,5,3,3,2,4,5,5,5,5,4,5,4,1,4,4,3,3,1,3,4,3,3,4,4,4,5,2,23,1,,1,,1,,1,2,,教育学部小学校教育コース,,1,,2,,,,,0,,,
B,2,0,125,3,2,2,3,1,2,4,2,3,1,2,3,3,2,2,4,2,1,2,3,2,2,1,3,4,3,4,3,3,2,2,1,1,1,1,1,1,2,1,1,1,2,3,1,3,1,3,1,3,1,21,1,,1,,1,,1,2,,教育学部小学校教育コース,,1,,2,,,,,0,,,
B,2,0,126,2,3,3,4,3,4,2,2,3,3,3,3,3,2,2,2,2,1,4,3,3,3,1,4,3,4,2,3,4,2,2,3,1,3,3,1,1,3,3,1,2,4,2,3,3,2,3,1,3,1,20,1,,1,,1,,1,2,,教育学部小学校教育コース,,1,,2,,,,,3,2・5,高校の修学旅行（１）,
B,2,0,127,1,2,2,4,4,4,1,1,4,5,3,3,2,4,4,4,3,1,3,1,1,1,3,5,1,3,1,2,4,4,4,4,2,4,4,3,2,2,4,4,4,4,4,4,4,3,5,3,3,2,20,1,,1,,1,,1,2,,教育学部小学校教育コース,,1,,1,英語,3,2,,30,2,,
B,2,0,128,1,2,4,5,3,3,2,3,5,2,3,5,4,3,3,3,1,1,3,2,3,4,1,4,3,4,2,3,4,3,2,1,2,4,2,2,2,2,3,1,1,4,4,3,4,3,4,3,5,2,20,1,,1,,1,,1,2,,教育学部小学校教育コース,,1,,1,英語,2,7,,1,5,小学校の姉妹都市訪問,
B,2,0,129,1,1,3,4,4,4,2,4,2,2,2,4,4,4,4,2,4,1,5,4,1,2,2,4,1,2,2,2,4,3,2,4,1,4,4,5,1,4,5,1,1,4,4,2,4,3,5,2,2,2,20,1,,1,,1,,1,2,,教育学部小学校教育コース,,1,,1,英語,2,6,,1,5,体験学習,
B,2,0,130,1,2,3,4,4,4,3,3,3,4,3,3,4,3,2,4,3,2,4,3,4,1,3,4,3,3,4,3,2,3,1,4,5,3,2,4,3,3,4,1,3,3,2,2,3,4,3,3,4,2,20,1,,1,,6,,1,2,,教育学部小学校教育コース,,1,,2,,,,,0,,,
B,2,0,131,2,4,2,4,1,2,2,2,3,2,2,4,4,2,3,3,2,1,3,2,2,2,1,3,3,3,3,3,3,2,2,5,1,2,1,1,1,2,1,2,1,3,3,4,2,1,3,3,3,1,20,1,,1,,6,,1,2,,教育学部小学校教育コース,,1,,1,英語,2,7,,0,,,
B,2,0,132,2,2,3,2,2,2,1,4,4,2,3,3,3,3,3,2,2,1,4,1,3,3,1,3,2,4,12,3,5,3,3,5,2,5,2,3,1,1,4,5,1,3,4,3,3,3,4,1,4,1,19,1,,1,,7,神道,1,2,,教育学部小学校教育コース,,1,,1,英語,2,7,,1,5,高校の修学旅行,
B,2,0,133,2,2,3,5,4,5,2,1,4,3,3,4,3,1,3,2,2,1,2,2,2,3,1,4,2,3,2,3,5,2,2,2,2,4,4,2,1,3,1,1,1,4,4,3,4,2,3,2,4,1,20,1,,1,,1,,1,2,,教育学部小学校教育コース,,1,,1,英語,2,3,,0,,,
B,2,0,134,2,2,3,3,2,1,2,2,3,2,3,3,3,2,2,3,3,1,3,3,2,3,2,3,3,3,3,3,3,2,2,2,2,3,2,1,1,3,1,1,1,2,3,3,2,2,3,1,3,1,20,1,,1,,1,,1,2,,教育学部小学校教育コース,,1,,2,,,,,0,,,