style,ISc2,GC_S,GC_P,GC_C,gender,age,birth,ethnic,religion,school,class,major,firstlang,secondlang,intl_travel,s_abroad,travel,studyabroad
1,89,26,23,38,F,TRAD,US,WHITE,Christian,2,Undergraduate,Eled,ENGLISH,2,3,,TwoFour,0
1,99,26,20,35,F,TRAD,NON-US,NON-WHITE,Christian,2,Undergraduate,Eled,NON-ENGLISH,2,3,,TwoFour,0
1,74,14,21,33,F,TRAD,US,WHITE,Christian,2,Undergraduate,Eled,ENGLISH,1,3,,TwoFour,0
1,93,25,26,47,F,TRAD,US,WHITE,Christian,2,Undergraduate,SpEd,ENGLISH,1,1,,Never,0
1,78,9,24,27,F,TRAD,US,WHITE,Christian,2,Undergraduate,Eled,ENGLISH,1,1,,Never,0
1,87,14,22,23,F,TRAD,US,WHITE,Christian,10,Undergraduate,Other,ENGLISH,1,1,,Never,0
1,90,19,25,39,F,TRAD,US,WHITE,Christian,10,Graduate,Other,ENGLISH,1,2,,Once,0
1,86,16,24,31,F,TRAD,US,NON-WHITE,Christian,10,Undergraduate,Eled,ENGLISH,1,4,,FiveSeven,0
1,96,20,26,46,F,TRAD,US,NON-WHITE,Christian,10,Undergraduate,Eled,ENGLISH,1,3,,TwoFour,0
1,71,9,19,25,F,TRAD,US,WHITE,Non-Christian,9,Undergraduate,Eled,ENGLISH,1,3,1,TwoFour,1
1,101,17,27,39,M,TRAD,US,NON-WHITE,Christian,9,Undergraduate,Secondary,ENGLISH,2,2,,Once,0
1,97,29,21,46,M,TRAD,US,NON-WHITE,Non-Christian,9,Graduate,Secondary,NON-ENGLISH,2,4,,FiveSeven,0
1,107,23,27,42,F,TRAD,NON-US,WHITE,Non-Christian,9,Undergraduate,Other,NON-ENGLISH,2,5,,Eight_plus,0
1,90,17,23,40,F,TRAD,US,WHITE,Christian,9,Undergraduate,Other,ENGLISH,1,1,,Never,0
1,63,13,24,30,F,TRAD,US,WHITE,Christian,9,Undergraduate,Secondary,ENGLISH,1,2,,Once,0
1,86,24,27,40,M,TRAD,US,WHITE,Christian,9,Undergraduate,SpEd,ENGLISH,1,2,1,Once,1
1,89,18,26,36,F,NON-TRAD,US,WHITE,Christian,10,Graduate,SpEd,ENGLISH,1,3,,TwoFour,0
1,92,15,21,33,F,TRAD,US,WHITE,Christian,10,Undergraduate,Eled,ENGLISH,1,1,,Never,0
1,90,14,27,32,F,TRAD,US,WHITE,Christian,9,Undergraduate,Other,ENGLISH,1,3,,TwoFour,0
1,85,16,25,40,F,NON-TRAD,US,WHITE,Christian,10,Graduate,SpEd,ENGLISH,1,3,,TwoFour,0
1,101,18,29,40,F,TRAD,US,WHITE,Christian,9,Undergraduate,Eled,ENGLISH,1,3,,TwoFour,0
1,99,19,23,42,F,NON-TRAD,US,WHITE,Christian,9,Undergraduate,Eled,ENGLISH,1,1,,Never,0
1,96,18,29,40,F,TRAD,US,WHITE,Christian,2,Undergraduate,SpEd,ENGLISH,1,3,,TwoFour,0
1,72,14,21,31,F,TRAD,US,WHITE,Christian,10,Undergraduate,Other,ENGLISH,1,2,1,Once,1
1,73,20,24,25,F,TRAD,US,NON-WHITE,Christian,10,Graduate,Eled,ENGLISH,2,1,,Never,0
1,80,21,19,34,F,NON-TRAD,US,WHITE,Christian,9,Graduate,Secondary,NON-ENGLISH,2,4,,FiveSeven,0
1,92,18,21,29,F,NON-TRAD,US,NON-WHITE,Christian,10,Graduate,Other,ENGLISH,1,1,,Never,0
1,105,33,26,48,F,TRAD,US,NON-WHITE,Non-Christian,9,Undergraduate,Secondary,ENGLISH,2,3,1,TwoFour,1
1,73,18,24,32,F,NON-TRAD,US,WHITE,Christian,9,Undergraduate,SpEd,ENGLISH,1,3,,TwoFour,0
1,90,28,27,48,F,TRAD,US,NON-WHITE,Christian,9,Undergraduate,Secondary,NON-ENGLISH,1,2,,Once,0
1,90,32,26,39,F,TRAD,US,WHITE,Christian,9,Undergraduate,Other,ENGLISH,2,1,,Never,0
1,86,19,29,37,F,TRAD,US,WHITE,Christian,9,Undergraduate,Secondary,ENGLISH,1,2,1,Once,1
1,95,21,28,44,F,TRAD,NON-US,NON-WHITE,Non-Christian,9,Undergraduate,Eled,ENGLISH,2,3,,TwoFour,0
1,90,25,21,44,F,TRAD,US,WHITE,Christian,10,Graduate,SpEd,ENGLISH,2,2,,Once,0
1,87,13,25,31,F,TRAD,US,WHITE,Non-Christian,9,Undergraduate,Eled,ENGLISH,1,1,,Never,0
1,80,17,24,40,M,NON-TRAD,US,WHITE,Non-Christian,10,Graduate,Other,ENGLISH,2,5,,Eight_plus,0
1,69,12,22,26,F,TRAD,US,WHITE,Christian,9,Undergraduate,Other,ENGLISH,1,1,,Never,0
1,100,27,26,44,F,TRAD,US,NON-WHITE,Christian,9,Undergraduate,Other,NON-ENGLISH,2,3,1,TwoFour,1
1,94,27,24,37,F,NON-TRAD,US,NON-WHITE,Christian,2,Undergraduate,SpEd,ENGLISH,2,1,,Never,0
1,82,12,22,33,F,TRAD,US,WHITE,Christian,10,Graduate,Eled,ENGLISH,1,2,,Once,0
1,84,15,25,39,F,TRAD,US,NON-WHITE,Non-Christian,10,Undergraduate,Secondary,ENGLISH,1,1,,Never,0
1,90,24,21,36,M,NON-TRAD,US,NON-WHITE,Christian,10,Graduate,Other,ENGLISH,2,1,,Never,0
1,95,31,24,48,F,TRAD,US,WHITE,Christian,9,Undergraduate,Other,ENGLISH,2,3,1,TwoFour,1
1,82,18,19,38,M,TRAD,US,WHITE,Non-Christian,9,Undergraduate,Secondary,ENGLISH,1,1,,Never,0
1,83,13,24,34,F,TRAD,US,WHITE,Christian,9,Undergraduate,Secondary,ENGLISH,1,1,,Never,0
1,86,20,20,37,F,TRAD,US,NON-WHITE,Christian,9,Undergraduate,Other,ENGLISH,1,3,,TwoFour,0
1,87,22,27,41,F,TRAD,US,NON-WHITE,Non-Christian,7,Undergraduate,Eled,ENGLISH,1,2,,Once,0
1,92,26,22,37,F,TRAD,NON-US,NON-WHITE,Christian,2,Undergraduate,SpEd,NON-ENGLISH,2,3,,TwoFour,0
1,73,10,17,24,F,NON-TRAD,US,WHITE,Christian,10,Undergraduate,Eled,ENGLISH,1,1,,Never,0
1,78,15,24,33,F,NON-TRAD,US,NON-WHITE,Christian,10,Undergraduate,Eled,ENGLISH,1,3,,TwoFour,0
1,93,32,26,51,M,TRAD,US,WHITE,Christian,10,Graduate,Eled,ENGLISH,2,4,1,FiveSeven,1
1,89,28,26,42,M,TRAD,NON-US,NON-WHITE,Christian,9,Undergraduate,Secondary,NON-ENGLISH,2,1,,Never,0
1,83,28,22,42,F,TRAD,US,NON-WHITE,Christian,9,Undergraduate,Eled,NON-ENGLISH,2,2,,Once,0
1,77,14,16,26,F,TRAD,US,NON-WHITE,Christian,2,Undergraduate,Eled,ENGLISH,1,3,,TwoFour,0
1,106,14,18,38,F,TRAD,US,WHITE,Non-Christian,2,Undergraduate,SpEd,ENGLISH,1,1,,Never,0
1,79,23,21,37,F,TRAD,US,WHITE,Christian,10,Undergraduate,Eled,ENGLISH,1,3,,TwoFour,0
1,86,22,29,40,M,NON-TRAD,US,WHITE,Non-Christian,10,Undergraduate,Eled,ENGLISH,1,1,,Never,0
1,97,26,26,41,F,TRAD,US,WHITE,Christian,9,Undergraduate,Secondary,ENGLISH,2,3,,TwoFour,0
1,97,31,27,40,M,TRAD,US,NON-WHITE,Christian,9,Undergraduate,Secondary,ENGLISH,2,3,,TwoFour,0
1,94,31,26,48,F,NON-TRAD,US,WHITE,Christian,6,Graduate,Secondary,ENGLISH,2,2,1,Once,1
1,90,31,27,39,F,TRAD,NON-US,NON-WHITE,Christian,6,Undergraduate,Eled,NON-ENGLISH,2,5,1,Eight_plus,1
1,89,20,20,35,F,TRAD,NON-US,NON-WHITE,Christian,6,Undergraduate,Secondary,NON-ENGLISH,1,1,,Never,0
1,85,14,20,22,F,TRAD,US,WHITE,Christian,6,Undergraduate,Eled,ENGLISH,1,3,,TwoFour,0
1,80,21,25,43,M,TRAD,US,WHITE,Non-Christian,6,Undergraduate,Secondary,ENGLISH,1,1,,Never,0
1,83,13,27,25,F,TRAD,NON-US,NON-WHITE,Christian,6,Undergraduate,Eled,NON-ENGLISH,2,3,,TwoFour,0
1,79,19,23,32,F,TRAD,US,NON-WHITE,Christian,5,Graduate,Secondary,ENGLISH,2,4,1,FiveSeven,1
1,88,23,26,40,F,TRAD,US,WHITE,Christian,9,Undergraduate,Secondary,ENGLISH,2,1,,Never,0
1,80,16,24,28,F,TRAD,US,WHITE,Christian,10,Graduate,Other,ENGLISH,1,1,,Never,0
1,94,20,26,30,F,TRAD,US,NON-WHITE,Non-Christian,9,Undergraduate,Other,NON-ENGLISH,2,2,,Once,0
1,85,28,21,25,F,TRAD,US,NON-WHITE,Christian,2,Undergraduate,Eled,NON-ENGLISH,2,5,,Eight_plus,0
1,94,30,26,40,F,TRAD,US,NON-WHITE,Christian,6,Undergraduate,Other,NON-ENGLISH,2,4,,FiveSeven,0
1,84,18,26,38,F,TRAD,NON-US,NON-WHITE,Christian,6,Graduate,Eled,ENGLISH,1,5,,Eight_plus,0
1,76,11,21,33,F,TRAD,US,WHITE,Christian,9,Undergraduate,SpEd,ENGLISH,1,3,,TwoFour,0
1,83,11,26,29,F,TRAD,US,WHITE,Non-Christian,6,Undergraduate,Secondary,ENGLISH,1,1,,Never,0
1,84,17,24,37,F,TRAD,US,WHITE,Non-Christian,6,Undergraduate,Eled,ENGLISH,1,4,,FiveSeven,0
1,88,20,29,39,F,TRAD,US,WHITE,Christian,6,Undergraduate,Other,ENGLISH,2,1,,Never,0
1,78,18,21,31,F,NON-TRAD,US,WHITE,Christian,9,Undergraduate,Eled,ENGLISH,1,1,,Never,0
1,90,15,24,36,F,NON-TRAD,US,WHITE,Christian,10,Undergraduate,Eled,ENGLISH,2,2,,Once,0
1,87,19,27,39,F,TRAD,US,WHITE,Non-Christian,9,Undergraduate,Secondary,ENGLISH,1,3,,TwoFour,0
1,82,18,24,29,M,TRAD,US,WHITE,Non-Christian,6,Undergraduate,Other,ENGLISH,1,1,,Never,0
1,80,21,29,48,F,TRAD,US,WHITE,Christian,10,Undergraduate,SpEd,ENGLISH,1,3,,TwoFour,0
1,101,29,20,43,F,TRAD,US,NON-WHITE,Non-Christian,10,Undergraduate,Eled,ENGLISH,2,4,,FiveSeven,0
1,106,31,27,42,F,NON-TRAD,NON-US,NON-WHITE,Non-Christian,9,Undergraduate,Secondary,NON-ENGLISH,2,1,,Never,0
1,77,15,22,26,F,NON-TRAD,US,WHITE,Non-Christian,9,Undergraduate,Eled,ENGLISH,1,2,,Once,0
1,79,9,24,27,F,TRAD,US,WHITE,Christian,10,Graduate,Other,ENGLISH,1,2,,Once,0
1,70,14,23,23,F,TRAD,US,NON-WHITE,Christian,9,Undergraduate,Other,ENGLISH,1,1,,Never,0
1,94,24,27,39,F,TRAD,US,WHITE,Non-Christian,9,Undergraduate,Other,ENGLISH,2,1,,Never,0
1,93,16,24,29,F,NON-TRAD,NON-US,NON-WHITE,Non-Christian,10,Undergraduate,Other,ENGLISH,1,3,,TwoFour,0
1,84,21,24,35,F,TRAD,US,WHITE,Christian,10,Undergraduate,Other,ENGLISH,2,2,,Once,0
1,89,26,27,41,F,TRAD,US,WHITE,Christian,9,Undergraduate,Other,ENGLISH,2,2,,Once,0
1,90,18,27,47,F,NON-TRAD,US,WHITE,Non-Christian,10,Graduate,Other,ENGLISH,2,3,,TwoFour,0
1,70,20,25,29,F,NON-TRAD,US,WHITE,Christian,10,Graduate,Other,ENGLISH,1,2,,Once,0
1,96,14,26,35,F,TRAD,US,WHITE,Christian,9,Undergraduate,Eled,ENGLISH,1,3,1,TwoFour,1
1,91,17,21,33,F,TRAD,US,WHITE,Christian,9,Undergraduate,SpEd,ENGLISH,2,3,,TwoFour,0
1,111,34,24,41,F,TRAD,US,NON-WHITE,Non-Christian,6,Undergraduate,Secondary,NON-ENGLISH,2,1,,Never,0
1,88,22,27,38,F,TRAD,US,NON-WHITE,Christian,9,Undergraduate,Secondary,ENGLISH,2,1,,Never,0
1,87,23,28,40,F,TRAD,US,NON-WHITE,Christian,6,Undergraduate,Other,ENGLISH,1,3,,TwoFour,0
1,85,16,18,34,M,TRAD,US,NON-WHITE,Non-Christian,9,Undergraduate,Secondary,ENGLISH,1,3,,TwoFour,0
1,85,24,27,37,F,TRAD,US,WHITE,Christian,9,Undergraduate,Secondary,ENGLISH,2,3,,TwoFour,0
1,72,11,23,23,F,TRAD,US,WHITE,Christian,6,Undergraduate,Eled,ENGLISH,1,3,,TwoFour,0
1,84,19,26,30,F,TRAD,US,WHITE,Non-Christian,9,Undergraduate,Secondary,ENGLISH,1,2,,Once,0
1,88,20,23,34,F,TRAD,NON-US,NON-WHITE,Non-Christian,9,Undergraduate,Other,NON-ENGLISH,1,3,,TwoFour,0
1,95,17,30,41,F,NON-TRAD,US,WHITE,Christian,9,Undergraduate,Other,ENGLISH,2,3,,TwoFour,0
1,82,14,20,30,F,TRAD,US,WHITE,Christian,6,Undergraduate,Eled,ENGLISH,2,1,,Never,0
1,94,22,24,39,M,TRAD,US,WHITE,Christian,9,Graduate,Secondary,ENGLISH,1,3,1,TwoFour,1
1,105,28,27,46,F,TRAD,US,WHITE,Christian,10,Graduate,Secondary,ENGLISH,2,4,1,FiveSeven,1
1,75,14,23,25,F,TRAD,US,WHITE,Christian,10,Undergraduate,Eled,ENGLISH,1,3,,TwoFour,0
1,92,32,26,50,F,TRAD,US,NON-WHITE,Non-Christian,10,Graduate,Eled,ENGLISH,2,3,,TwoFour,0
1,80,17,16,31,F,TRAD,US,WHITE,Christian,6,Undergraduate,Eled,ENGLISH,1,1,,Never,0
1,91,10,22,35,F,NON-TRAD,US,NON-WHITE,Christian,6,Undergraduate,Eled,ENGLISH,2,2,,Once,0
1,75,11,21,35,F,TRAD,US,WHITE,Christian,6,Undergraduate,Eled,ENGLISH,1,3,,TwoFour,0
1,88,19,21,34,F,NON-TRAD,US,WHITE,Christian,6,Undergraduate,Eled,ENGLISH,1,1,,Never,0
1,93,21,28,46,F,TRAD,US,NON-WHITE,Christian,6,Undergraduate,Other,ENGLISH,1,2,,Once,0
1,99,22,28,39,F,TRAD,US,WHITE,Non-Christian,6,Undergraduate,Eled,ENGLISH,2,3,,TwoFour,0
1,95,25,22,43,F,TRAD,US,WHITE,Christian,6,Undergraduate,Secondary,ENGLISH,1,2,,Once,0
1,84,18,27,38,F,TRAD,US,WHITE,Christian,6,Undergraduate,Other,ENGLISH,1,1,,Never,0
1,86,15,24,40,F,TRAD,US,WHITE,Non-Christian,9,Undergraduate,Eled,ENGLISH,2,5,,Eight_plus,0
1,73,18,15,38,F,NON-TRAD,US,WHITE,Christian,10,Graduate,Other,ENGLISH,1,4,,FiveSeven,0
1,75,19,19,31,F,TRAD,US,NON-WHITE,Christian,6,Undergraduate,Eled,NON-ENGLISH,1,2,,Once,0
1,93,21,27,39,F,TRAD,US,WHITE,Christian,6,Undergraduate,Other,ENGLISH,1,1,,Never,0
1,89,18,18,34,F,TRAD,US,WHITE,Non-Christian,6,Undergraduate,SpEd,ENGLISH,1,1,,Never,0
1,88,17,20,41,M,TRAD,US,WHITE,Christian,9,Undergraduate,Other,ENGLISH,1,5,,Eight_plus,0
1,94,15,24,38,F,TRAD,US,NON-WHITE,Christian,6,Undergraduate,Eled,ENGLISH,1,2,,Once,0
1,86,16,20,36,F,TRAD,US,WHITE,Non-Christian,6,Undergraduate,Eled,ENGLISH,1,1,,Never,0
1,80,16,22,30,F,TRAD,US,WHITE,Christian,10,Undergraduate,Other,ENGLISH,2,3,,TwoFour,0
1,83,13,24,35,F,TRAD,US,WHITE,Christian,6,Undergraduate,Secondary,ENGLISH,1,3,,TwoFour,0
1,103,26,30,42,F,TRAD,US,WHITE,Non-Christian,6,Undergraduate,Eled,ENGLISH,1,3,,TwoFour,0
1,82,18,23,37,F,TRAD,US,NON-WHITE,Christian,9,Undergraduate,Eled,ENGLISH,1,2,1,Once,1
1,95,23,26,40,F,TRAD,US,NON-WHITE,Non-Christian,6,Undergraduate,Eled,ENGLISH,1,1,,Never,0
1,98,16,21,42,F,NON-TRAD,US,WHITE,Christian,6,Undergraduate,Eled,ENGLISH,1,3,,TwoFour,0
1,106,27,27,47,F,TRAD,US,WHITE,Christian,2,Undergraduate,Eled,ENGLISH,1,4,,FiveSeven,0
1,80,21,21,31,F,NON-TRAD,US,WHITE,Christian,6,Undergraduate,Eled,ENGLISH,2,2,,Once,0
1,79,25,26,40,F,TRAD,US,NON-WHITE,Christian,2,Undergraduate,Eled,ENGLISH,2,2,,Once,0
1,96,24,19,43,F,TRAD,US,NON-WHITE,Christian,6,Undergraduate,Eled,NON-ENGLISH,2,3,,TwoFour,0
1,77,14,21,32,F,TRAD,US,WHITE,Christian,6,Undergraduate,Eled,ENGLISH,1,3,1,TwoFour,1
1,95,30,26,44,F,TRAD,US,NON-WHITE,Non-Christian,9,Undergraduate,Other,ENGLISH,1,3,,TwoFour,0
1,85,24,20,38,F,TRAD,US,WHITE,Christian,9,Undergraduate,Secondary,ENGLISH,1,2,,Once,0
1,86,20,23,36,F,TRAD,US,WHITE,Christian,9,Undergraduate,Secondary,ENGLISH,2,4,,FiveSeven,0
1,98,23,22,33,M,TRAD,NON-US,NON-WHITE,Non-Christian,9,Undergraduate,Eled,NON-ENGLISH,2,1,,Never,0
1,87,15,20,33,F,TRAD,US,NON-WHITE,Christian,2,Undergraduate,Eled,ENGLISH,1,1,,Never,0
1,105,27,30,39,F,TRAD,NON-US,WHITE,Non-Christian,3,Undergraduate,Secondary,ENGLISH,1,5,,Eight_plus,0
1,86,21,25,35,F,NON-TRAD,US,NON-WHITE,Christian,6,Undergraduate,Eled,NON-ENGLISH,2,2,,Once,0
1,70,10,26,39,F,TRAD,US,WHITE,Non-Christian,6,Undergraduate,Eled,ENGLISH,1,1,,Never,0
1,86,14,20,30,F,TRAD,US,WHITE,Christian,3,Undergraduate,Eled,ENGLISH,1,1,,Never,0
1,94,26,28,35,F,NON-TRAD,US,NON-WHITE,Christian,9,Undergraduate,Secondary,NON-ENGLISH,1,3,,TwoFour,0
1,89,20,23,44,F,TRAD,US,WHITE,Christian,3,Undergraduate,Eled,ENGLISH,2,5,,Eight_plus,0
1,88,9,25,36,F,TRAD,US,WHITE,Non-Christian,6,Undergraduate,Secondary,ENGLISH,1,1,,Never,0
1,101,18,28,41,F,TRAD,US,WHITE,Christian,6,Undergraduate,Eled,ENGLISH,1,3,,TwoFour,0
1,85,16,17,33,F,NON-TRAD,US,NON-WHITE,Christian,6,Undergraduate,Other,ENGLISH,2,2,,Once,0
1,92,13,27,36,F,NON-TRAD,US,WHITE,Christian,9,Undergraduate,Secondary,ENGLISH,1,1,,Never,0
1,77,12,17,27,F,TRAD,US,WHITE,Christian,2,Undergraduate,Eled,ENGLISH,1,1,,Never,0
1,90,23,26,37,F,TRAD,NON-US,WHITE,Christian,9,Undergraduate,Eled,ENGLISH,2,5,,Eight_plus,0
1,85,19,18,34,F,NON-TRAD,US,WHITE,Christian,2,Undergraduate,Eled,ENGLISH,1,2,,Once,0
1,108,29,30,50,F,TRAD,US,WHITE,Non-Christian,2,Undergraduate,Eled,ENGLISH,1,3,1,TwoFour,1
1,87,17,25,35,M,NON-TRAD,US,WHITE,Non-Christian,9,Undergraduate,Secondary,ENGLISH,1,3,,TwoFour,0
1,84,18,25,36,F,TRAD,US,WHITE,Christian,9,Undergraduate,Other,ENGLISH,1,3,,TwoFour,0
1,90,17,25,28,F,TRAD,US,WHITE,Christian,9,Undergraduate,Other,ENGLISH,2,1,,Never,0
1,89,25,22,31,F,NON-TRAD,US,NON-WHITE,Christian,6,Undergraduate,Other,ENGLISH,2,1,,Never,0
1,83,21,18,33,F,TRAD,US,NON-WHITE,Christian,6,Undergraduate,Other,NON-ENGLISH,1,3,,TwoFour,0
1,95,16,19,40,F,TRAD,US,WHITE,Christian,6,Undergraduate,Eled,ENGLISH,1,1,,Never,0
1,93,13,18,23,F,NON-TRAD,US,NON-WHITE,Christian,6,Undergraduate,Eled,NON-ENGLISH,2,1,,Never,0
1,66,12,16,26,F,TRAD,US,WHITE,Christian,6,Undergraduate,Secondary,ENGLISH,1,2,,Once,0
1,105,31,25,45,M,TRAD,US,WHITE,Non-Christian,6,Undergraduate,Eled,ENGLISH,2,2,,Once,0
1,80,18,23,29,F,TRAD,US,WHITE,Christian,6,Undergraduate,Secondary,ENGLISH,1,3,,TwoFour,0
1,95,16,20,37,F,TRAD,US,WHITE,Non-Christian,2,Graduate,Eled,ENGLISH,1,3,,TwoFour,0
1,80,14,23,29,F,TRAD,US,WHITE,Christian,6,Undergraduate,Eled,ENGLISH,1,3,,TwoFour,0
1,83,14,22,36,F,TRAD,US,WHITE,Non-Christian,6,Undergraduate,Eled,ENGLISH,1,1,,Never,0
1,97,21,24,43,F,TRAD,US,NON-WHITE,Christian,6,Undergraduate,Secondary,ENGLISH,1,1,,Never,0
1,89,14,21,33,F,TRAD,US,WHITE,Christian,6,Undergraduate,Eled,ENGLISH,1,5,,Eight_plus,0
1,87,19,23,39,F,TRAD,US,WHITE,Non-Christian,6,Undergraduate,Eled,ENGLISH,1,3,,TwoFour,0
1,98,20,24,40,F,NON-TRAD,US,WHITE,Christian,6,Undergraduate,Other,ENGLISH,1,1,,Never,0
1,78,13,24,32,F,TRAD,US,WHITE,Christian,10,Undergraduate,Eled,ENGLISH,1,3,,TwoFour,0
1,77,17,23,33,F,TRAD,NON-US,WHITE,Christian,6,Undergraduate,Eled,ENGLISH,1,3,,TwoFour,0
1,80,16,21,33,F,NON-TRAD,US,WHITE,Christian,2,Undergraduate,SpEd,ENGLISH,1,3,,TwoFour,0
1,107,25,30,44,F,TRAD,US,WHITE,Non-Christian,9,Undergraduate,Eled,ENGLISH,1,4,1,FiveSeven,1
1,98,26,24,39,M,NON-TRAD,NON-US,NON-WHITE,Christian,10,Undergraduate,Eled,ENGLISH,2,2,,Once,0
1,113,35,24,51,F,NON-TRAD,NON-US,NON-WHITE,Non-Christian,10,Undergraduate,SpEd,NON-ENGLISH,2,5,,Eight_plus,0
1,85,23,19,38,F,TRAD,US,WHITE,Christian,9,Undergraduate,Eled,ENGLISH,1,1,,Never,0
1,61,8,15,17,F,NON-TRAD,US,WHITE,Christian,8,Undergraduate,Other,ENGLISH,1,3,,TwoFour,0
1,86,15,23,32,F,TRAD,US,WHITE,Christian,8,Undergraduate,Eled,ENGLISH,1,3,,TwoFour,0
1,84,17,23,29,F,TRAD,US,NON-WHITE,Christian,8,Undergraduate,Eled,ENGLISH,1,1,,Never,0
1,75,12,17,30,F,TRAD,US,WHITE,Christian,8,Undergraduate,Secondary,ENGLISH,2,2,1,Once,1
1,84,13,22,32,F,TRAD,US,WHITE,Non-Christian,8,Undergraduate,Eled,ENGLISH,1,1,,Never,0
1,106,24,28,49,F,TRAD,US,WHITE,Christian,8,Undergraduate,Eled,ENGLISH,2,3,1,TwoFour,1
1,88,22,21,31,F,TRAD,US,WHITE,Christian,8,Undergraduate,Other,ENGLISH,2,4,,FiveSeven,0
1,65,12,12,22,M,TRAD,US,NON-WHITE,Christian,8,Undergraduate,Other,ENGLISH,2,3,,TwoFour,0
1,74,13,21,34,F,TRAD,US,WHITE,Christian,8,Undergraduate,Eled,ENGLISH,1,3,,TwoFour,0
1,96,20,23,33,F,TRAD,US,NON-WHITE,Non-Christian,8,Undergraduate,Secondary,ENGLISH,1,1,,Never,0
1,98,28,25,45,M,TRAD,US,NON-WHITE,Non-Christian,9,Undergraduate,Secondary,ENGLISH,2,2,,Once,0
1,83,23,19,37,F,TRAD,US,WHITE,Christian,8,Undergraduate,Eled,ENGLISH,1,2,,Once,0
1,96,22,25,44,F,TRAD,US,WHITE,Christian,8,Undergraduate,Eled,ENGLISH,2,3,,TwoFour,0
1,92,19,19,34,M,TRAD,US,WHITE,Christian,8,Undergraduate,Other,ENGLISH,1,4,,FiveSeven,0
1,95,19,18,34,M,TRAD,US,WHITE,Christian,8,Undergraduate,Other,ENGLISH,2,1,,Never,0
1,95,19,20,51,F,TRAD,US,NON-WHITE,Christian,8,Undergraduate,Eled,ENGLISH,1,2,,Once,0
1,82,18,28,38,F,NON-TRAD,US,WHITE,Non-Christian,8,Undergraduate,Secondary,ENGLISH,1,1,,Never,0
1,83,15,21,27,F,TRAD,US,NON-WHITE,Non-Christian,8,Undergraduate,SpEd,ENGLISH,2,3,,TwoFour,0
1,75,16,21,24,F,NON-TRAD,US,WHITE,Christian,8,Graduate,SpEd,ENGLISH,1,3,,TwoFour,0
1,76,10,13,18,F,TRAD,US,WHITE,Non-Christian,8,Undergraduate,Eled,ENGLISH,1,2,,Once,0
1,76,13,19,32,F,TRAD,US,WHITE,Non-Christian,8,Undergraduate,Secondary,ENGLISH,2,3,,TwoFour,0
1,78,20,26,38,F,NON-TRAD,US,WHITE,Christian,8,Graduate,Other,ENGLISH,1,2,,Once,0
1,62,7,10,19,F,TRAD,US,NON-WHITE,Christian,8,Undergraduate,Eled,ENGLISH,1,2,,Once,0
1,80,12,24,33,F,TRAD,US,WHITE,Christian,8,Undergraduate,Secondary,ENGLISH,1,2,,Once,0
1,91,20,19,42,F,TRAD,US,WHITE,Non-Christian,8,Undergraduate,Secondary,ENGLISH,1,5,1,Eight_plus,1
1,79,12,24,28,F,NON-TRAD,US,WHITE,Christian,8,Undergraduate,SpEd,ENGLISH,1,3,,TwoFour,0
1,100,20,25,39,F,TRAD,US,WHITE,Christian,8,Undergraduate,SpEd,ENGLISH,2,2,,Once,0
1,82,22,20,40,F,NON-TRAD,NON-US,WHITE,Christian,8,Undergraduate,SpEd,NON-ENGLISH,1,3,,TwoFour,0
1,83,18,23,35,F,TRAD,US,WHITE,Christian,8,Undergraduate,Secondary,ENGLISH,1,3,,TwoFour,0
1,80,21,23,36,M,TRAD,US,NON-WHITE,Christian,8,Undergraduate,Other,NON-ENGLISH,2,4,,FiveSeven,0
1,81,13,19,28,M,TRAD,US,WHITE,Christian,8,Undergraduate,Eled,ENGLISH,1,1,,Never,0
1,84,11,21,28,F,TRAD,US,WHITE,Christian,8,Undergraduate,Other,ENGLISH,1,4,,FiveSeven,0
1,78,14,21,32,F,NON-TRAD,US,WHITE,Christian,8,Undergraduate,Other,ENGLISH,1,1,,Never,0
1,86,19,20,38,F,TRAD,US,WHITE,Christian,8,Undergraduate,Other,ENGLISH,1,2,,Once,0
1,102,31,27,44,F,NON-TRAD,US,NON-WHITE,Christian,8,Graduate,Other,ENGLISH,2,3,,TwoFour,0
1,90,20,26,36,F,TRAD,US,WHITE,Christian,8,Undergraduate,Eled,ENGLISH,2,1,,Never,0
1,98,25,29,46,F,TRAD,US,WHITE,Non-Christian,6,Undergraduate,Eled,ENGLISH,2,3,,TwoFour,0
1,87,20,27,38,F,TRAD,US,NON-WHITE,Christian,6,Undergraduate,Eled,ENGLISH,2,2,,Once,0
1,89,28,26,42,F,TRAD,US,WHITE,Christian,6,Undergraduate,Eled,ENGLISH,1,3,1,TwoFour,1
1,104,25,29,43,F,TRAD,US,WHITE,Non-Christian,6,Undergraduate,Eled,ENGLISH,1,3,,TwoFour,0
1,82,22,25,36,F,TRAD,US,WHITE,Christian,6,Undergraduate,Eled,ENGLISH,2,2,,Once,0
1,77,11,15,17,F,TRAD,US,WHITE,Christian,6,Undergraduate,Other,ENGLISH,1,1,,Never,0
1,94,13,22,31,F,TRAD,US,WHITE,Christian,6,Undergraduate,Eled,ENGLISH,1,1,,Never,0
1,66,12,23,30,M,TRAD,US,WHITE,Christian,6,Undergraduate,Other,ENGLISH,1,1,,Never,0
1,96,25,26,42,F,TRAD,NON-US,NON-WHITE,Christian,6,Undergraduate,Eled,ENGLISH,2,3,,TwoFour,0
1,87,22,21,41,F,NON-TRAD,US,WHITE,Christian,6,Undergraduate,Eled,ENGLISH,2,5,,Eight_plus,0
1,100,23,26,44,F,TRAD,US,NON-WHITE,Non-Christian,6,Undergraduate,Other,ENGLISH,1,3,,TwoFour,0
1,95,31,28,43,F,TRAD,NON-US,NON-WHITE,Non-Christian,6,Undergraduate,Eled,NON-ENGLISH,2,5,,Eight_plus,0
1,79,11,19,27,F,TRAD,US,WHITE,Non-Christian,6,Undergraduate,Other,ENGLISH,1,1,,Never,0
1,85,20,23,32,F,TRAD,US,WHITE,Christian,6,Undergraduate,Secondary,ENGLISH,1,4,,FiveSeven,0
1,101,31,26,47,F,NON-TRAD,US,WHITE,Non-Christian,6,Undergraduate,Eled,ENGLISH,1,3,,TwoFour,0
1,68,9,10,25,F,TRAD,US,WHITE,Non-Christian,6,Undergraduate,Eled,ENGLISH,1,2,,Once,0
1,88,30,27,43,F,TRAD,NON-US,NON-WHITE,Christian,6,Undergraduate,Eled,NON-ENGLISH,2,4,1,FiveSeven,1
1,88,14,22,42,F,TRAD,US,WHITE,Christian,6,Undergraduate,Eled,ENGLISH,2,5,,Eight_plus,0
1,64,19,26,28,F,TRAD,US,WHITE,Non-Christian,6,Undergraduate,Eled,ENGLISH,2,1,,Never,0
1,91,29,25,44,M,TRAD,US,WHITE,Non-Christian,6,Graduate,Secondary,ENGLISH,1,3,1,TwoFour,1
1,100,28,25,44,F,TRAD,NON-US,NON-WHITE,Non-Christian,6,Undergraduate,SpEd,ENGLISH,2,5,,Eight_plus,0
1,76,10,15,21,F,TRAD,US,WHITE,Non-Christian,6,Undergraduate,Other,ENGLISH,1,1,,Never,0
1,100,25,24,35,F,NON-TRAD,NON-US,NON-WHITE,Christian,6,Undergraduate,Eled,NON-ENGLISH,2,2,,Once,0
1,99,21,22,43,F,NON-TRAD,NON-US,NON-WHITE,Christian,6,Undergraduate,Eled,ENGLISH,1,4,,FiveSeven,0
1,85,17,22,35,F,TRAD,US,WHITE,Christian,6,Undergraduate,Eled,ENGLISH,1,1,,Never,0
1,92,19,21,38,F,TRAD,US,WHITE,Christian,6,Undergraduate,Eled,ENGLISH,1,2,,Once,0
1,67,19,18,27,M,TRAD,US,NON-WHITE,,6,Undergraduate,Eled,NON-ENGLISH,2,1,,Never,0
1,102,24,28,41,F,TRAD,US,WHITE,Christian,6,Undergraduate,Eled,ENGLISH,1,2,,Once,0
1,109,23,26,47,M,TRAD,US,NON-WHITE,Christian,6,Undergraduate,Secondary,ENGLISH,1,1,,Never,0
1,86,22,22,32,F,TRAD,US,WHITE,Christian,6,Undergraduate,Secondary,ENGLISH,1,4,,FiveSeven,0
1,66,13,24,19,F,TRAD,US,WHITE,Non-Christian,6,Undergraduate,Eled,ENGLISH,1,5,,Eight_plus,0
1,84,17,25,33,F,NON-TRAD,US,WHITE,Non-Christian,10,Graduate,Other,ENGLISH,2,2,1,Once,1
1,93,21,23,34,F,TRAD,US,WHITE,Christian,6,Undergraduate,Eled,ENGLISH,1,3,1,TwoFour,1
1,83,20,23,43,F,TRAD,US,WHITE,Non-Christian,6,Undergraduate,Eled,ENGLISH,1,1,,Never,0
1,76,17,22,33,F,NON-TRAD,US,WHITE,Non-Christian,6,Undergraduate,Secondary,ENGLISH,1,2,,Once,0
1,91,28,27,44,M,NON-TRAD,US,WHITE,Non-Christian,6,Undergraduate,Eled,ENGLISH,2,3,,TwoFour,0
1,88,24,24,45,F,NON-TRAD,NON-US,WHITE,Non-Christian,6,Undergraduate,Eled,ENGLISH,2,5,,Eight_plus,0
1,99,29,26,49,M,TRAD,NON-US,NON-WHITE,Christian,6,Undergraduate,Other,ENGLISH,2,5,,Eight_plus,0
1,95,25,21,35,F,TRAD,US,WHITE,Non-Christian,6,Undergraduate,Secondary,ENGLISH,2,3,,TwoFour,0
1,76,9,17,25,F,TRAD,US,WHITE,Christian,6,Undergraduate,Eled,ENGLISH,1,2,,Once,0
1,102,20,27,37,F,TRAD,US,WHITE,Christian,6,Undergraduate,Secondary,ENGLISH,1,1,,Never,0
1,86,28,24,45,M,TRAD,NON-US,NON-WHITE,Christian,6,Undergraduate,Other,NON-ENGLISH,1,3,,TwoFour,0
1,80,12,20,24,F,TRAD,US,WHITE,Christian,6,Undergraduate,Eled,ENGLISH,1,1,,Never,0
1,82,22,23,39,F,TRAD,US,WHITE,Christian,6,Undergraduate,Eled,ENGLISH,1,3,1,TwoFour,1
1,88,17,19,34,F,NON-TRAD,US,WHITE,Christian,8,Undergraduate,Eled,ENGLISH,1,3,,TwoFour,0
1,90,22,21,43,F,TRAD,US,NON-WHITE,Non-Christian,6,Undergraduate,Secondary,ENGLISH,2,3,,TwoFour,0
1,90,12,20,27,F,NON-TRAD,US,NON-WHITE,Christian,6,Undergraduate,Eled,ENGLISH,1,3,,TwoFour,0
1,74,21,18,39,F,TRAD,US,WHITE,Christian,6,Undergraduate,Eled,ENGLISH,1,3,,TwoFour,0
1,86,16,22,33,F,TRAD,US,WHITE,Christian,6,Undergraduate,Eled,ENGLISH,1,1,,Never,0
1,92,18,24,42,F,TRAD,US,NON-WHITE,Christian,8,Undergraduate,Eled,ENGLISH,1,3,,TwoFour,0
1,60,12,19,26,F,TRAD,US,WHITE,Christian,6,Undergraduate,Other,ENGLISH,1,2,,Once,0
1,89,21,25,43,F,TRAD,US,WHITE,Christian,7,Undergraduate,Eled,ENGLISH,2,3,1,TwoFour,1
1,75,11,19,17,F,TRAD,US,WHITE,Christian,7,Undergraduate,Eled,ENGLISH,1,2,,Once,0
1,84,18,22,35,F,TRAD,US,NON-WHITE,Non-Christian,7,Undergraduate,Eled,ENGLISH,2,1,,Never,0
1,94,28,24,39,F,TRAD,US,NON-WHITE,Christian,7,Undergraduate,Eled,NON-ENGLISH,2,4,,FiveSeven,0
1,89,15,16,27,F,TRAD,US,WHITE,Christian,7,Undergraduate,Eled,ENGLISH,1,1,,Never,0
1,87,14,21,38,F,TRAD,US,WHITE,Christian,7,Undergraduate,SpEd,ENGLISH,1,2,,Once,0
1,85,18,25,38,F,TRAD,US,NON-WHITE,Christian,7,Undergraduate,Eled,NON-ENGLISH,2,4,1,FiveSeven,1
1,73,16,19,30,F,TRAD,US,WHITE,Christian,7,Undergraduate,Eled,ENGLISH,1,3,,TwoFour,0
1,94,17,24,41,F,TRAD,US,WHITE,Christian,6,Undergraduate,Secondary,ENGLISH,1,1,,Never,0
1,86,15,21,36,F,TRAD,US,WHITE,Christian,7,Undergraduate,Eled,ENGLISH,1,3,,TwoFour,0
1,87,22,29,40,F,TRAD,US,WHITE,Non-Christian,6,Undergraduate,SpEd,ENGLISH,2,4,,FiveSeven,0
1,69,16,25,29,F,TRAD,US,WHITE,Christian,7,Undergraduate,Eled,ENGLISH,1,2,,Once,0
1,83,13,26,27,F,TRAD,US,WHITE,Non-Christian,7,Undergraduate,Eled,ENGLISH,1,2,,Once,0
1,95,19,24,41,F,TRAD,US,WHITE,Christian,7,Undergraduate,Eled,ENGLISH,1,2,1,Once,1
1,83,19,23,35,F,NON-TRAD,US,WHITE,Christian,6,Undergraduate,Secondary,ENGLISH,1,2,,Once,0
1,88,14,22,25,F,TRAD,US,NON-WHITE,Christian,6,Undergraduate,Eled,ENGLISH,1,3,,TwoFour,0
1,83,10,23,32,F,TRAD,US,WHITE,Non-Christian,6,Undergraduate,Other,ENGLISH,1,3,1,TwoFour,1
1,73,16,20,34,F,TRAD,US,WHITE,Christian,6,Undergraduate,Eled,ENGLISH,1,3,,TwoFour,0
1,86,16,26,33,F,TRAD,US,WHITE,Christian,6,Undergraduate,Eled,ENGLISH,1,1,,Never,0
1,103,20,27,41,F,NON-TRAD,US,WHITE,Non-Christian,6,Undergraduate,Eled,ENGLISH,1,1,,Never,0
1,105,32,27,44,F,TRAD,NON-US,WHITE,Non-Christian,6,Undergraduate,Eled,NON-ENGLISH,2,5,1,Eight_plus,1
1,80,17,26,30,F,TRAD,US,WHITE,Non-Christian,6,Undergraduate,Eled,ENGLISH,1,3,,TwoFour,0
1,92,16,21,33,F,TRAD,US,WHITE,Christian,6,Undergraduate,Secondary,ENGLISH,1,3,,TwoFour,0
1,102,29,27,49,F,TRAD,US,NON-WHITE,Non-Christian,6,Undergraduate,Secondary,ENGLISH,1,3,,TwoFour,0
1,85,16,28,34,F,TRAD,US,WHITE,Christian,6,Undergraduate,Eled,ENGLISH,1,1,,Never,0
1,92,26,22,39,F,NON-TRAD,US,NON-WHITE,Christian,6,Undergraduate,Eled,ENGLISH,2,2,,Once,0
1,101,28,27,51,F,TRAD,US,WHITE,Christian,6,Undergraduate,Eled,ENGLISH,1,3,1,TwoFour,1
1,86,25,18,45,M,TRAD,NON-US,NON-WHITE,Non-Christian,6,Undergraduate,Other,NON-ENGLISH,2,5,,Eight_plus,0
1,81,12,29,39,F,TRAD,US,WHITE,Christian,6,Undergraduate,Other,ENGLISH,1,4,,FiveSeven,0
1,102,19,26,35,F,NON-TRAD,US,NON-WHITE,Christian,6,Undergraduate,Eled,ENGLISH,1,1,,Never,0
1,111,24,21,40,F,NON-TRAD,US,NON-WHITE,Non-Christian,6,Undergraduate,Eled,ENGLISH,2,2,,Once,0
1,102,28,27,48,F,NON-TRAD,US,NON-WHITE,Christian,6,Undergraduate,Eled,NON-ENGLISH,2,2,,Once,0
1,90,17,25,29,F,TRAD,US,NON-WHITE,Christian,6,Undergraduate,Eled,ENGLISH,1,1,,Never,0
1,92,23,25,41,M,TRAD,US,WHITE,Non-Christian,6,Graduate,Eled,ENGLISH,1,3,,TwoFour,0
1,80,14,22,30,F,TRAD,US,WHITE,Christian,6,Undergraduate,Eled,ENGLISH,1,1,,Never,0
1,84,31,29,41,F,TRAD,US,WHITE,Non-Christian,6,Undergraduate,Other,ENGLISH,2,3,,TwoFour,0
1,84,12,24,35,F,TRAD,US,NON-WHITE,Christian,6,Undergraduate,Eled,ENGLISH,2,2,,Once,0
1,85,25,25,32,M,TRAD,US,WHITE,Non-Christian,6,Undergraduate,Secondary,ENGLISH,2,2,,Once,0
1,98,22,25,39,M,TRAD,US,NON-WHITE,Non-Christian,6,Undergraduate,Secondary,ENGLISH,1,3,,TwoFour,0
1,94,25,27,37,M,TRAD,US,WHITE,Non-Christian,6,Undergraduate,Secondary,ENGLISH,2,3,,TwoFour,0
0,91,31,22,51,F,TRAD,US,WHITE,Christian,10,Undergraduate,Eled,ENGLISH,1,4,,FiveSeven,0
0,91,22,30,42,M,TRAD,US,WHITE,Christian,10,Undergraduate,Other,ENGLISH,1,1,,Never,0
0,90,26,26,40,F,TRAD,US,WHITE,Christian,10,Undergraduate,Eled,ENGLISH,1,1,,Never,0
0,89,17,16,32,F,TRAD,US,WHITE,Christian,10,Undergraduate,Eled,ENGLISH,1,2,,Once,0
0,90,13,18,34,F,TRAD,US,WHITE,Christian,10,Undergraduate,Eled,ENGLISH,1,1,,Never,0
0,71,12,13,21,F,TRAD,US,WHITE,Christian,10,Undergraduate,Eled,ENGLISH,1,2,,Once,0
0,78,16,23,35,F,TRAD,US,WHITE,Christian,10,Undergraduate,Eled,ENGLISH,1,2,,Once,0
0,75,11,17,31,M,TRAD,US,NON-WHITE,Christian,10,Undergraduate,Secondary,ENGLISH,1,1,,Never,0
0,84,22,26,33,F,TRAD,US,NON-WHITE,Christian,10,Undergraduate,Eled,ENGLISH,2,1,,Never,0
0,104,32,28,50,M,TRAD,US,WHITE,Christian,10,Undergraduate,Eled,ENGLISH,2,5,,Eight_plus,0
0,75,14,23,34,F,TRAD,US,WHITE,Christian,10,Undergraduate,Eled,ENGLISH,1,3,,TwoFour,0
0,89,12,27,36,F,TRAD,US,WHITE,Christian,10,Undergraduate,Eled,ENGLISH,1,2,,Once,0
0,77,16,17,28,M,TRAD,US,WHITE,Christian,10,Undergraduate,SpEd,ENGLISH,1,2,,Once,0
0,79,15,22,35,F,NON-TRAD,US,WHITE,Christian,10,Undergraduate,Eled,ENGLISH,1,1,,Never,0
0,96,14,25,48,F,NON-TRAD,US,NON-WHITE,Christian,10,Undergraduate,Eled,ENGLISH,1,4,,FiveSeven,0
0,85,26,24,44,F,TRAD,US,WHITE,Christian,10,Undergraduate,Eled,ENGLISH,2,2,,Once,0
0,77,13,23,31,F,TRAD,US,WHITE,Christian,10,Undergraduate,Eled,ENGLISH,1,1,,Never,0
0,83,18,28,29,M,TRAD,US,NON-WHITE,Non-Christian,10,Undergraduate,Eled,ENGLISH,1,1,,Never,0
0,87,21,27,39,F,TRAD,US,WHITE,Christian,10,Undergraduate,Eled,ENGLISH,2,2,,Once,0
0,72,11,24,26,F,NON-TRAD,US,WHITE,Christian,10,Undergraduate,Eled,ENGLISH,1,1,,Never,0
0,72,15,18,26,F,TRAD,US,WHITE,Christian,10,Undergraduate,Eled,ENGLISH,1,2,,Once,0
0,89,19,28,37,M,TRAD,US,WHITE,Christian,10,Undergraduate,Eled,ENGLISH,2,2,,Once,0
0,89,16,27,38,M,NON-TRAD,US,WHITE,Christian,10,Undergraduate,Eled,ENGLISH,1,3,,TwoFour,0
0,90,17,19,32,M,TRAD,US,NON-WHITE,Non-Christian,10,Undergraduate,Eled,ENGLISH,2,5,,Eight_plus,0
0,62,7,11,20,M,TRAD,US,NON-WHITE,Christian,10,Undergraduate,Other,ENGLISH,1,1,,Never,0
0,70,13,24,23,F,TRAD,US,WHITE,Christian,10,Undergraduate,Other,ENGLISH,1,1,,Never,0
0,91,17,27,43,F,TRAD,US,NON-WHITE,Christian,10,Undergraduate,Other,ENGLISH,1,1,,Never,0
0,67,26,24,36,M,TRAD,US,WHITE,Non-Christian,10,Undergraduate,Other,ENGLISH,2,3,,TwoFour,0
0,92,21,23,39,M,TRAD,US,WHITE,Christian,10,Undergraduate,Other,ENGLISH,1,5,,Eight_plus,0
0,88,14,19,33,F,TRAD,US,WHITE,Non-Christian,10,Undergraduate,Eled,ENGLISH,1,3,,TwoFour,0
0,98,29,27,44,F,TRAD,US,WHITE,Christian,10,Undergraduate,Other,ENGLISH,2,5,1,Eight_plus,1
0,87,18,25,40,M,TRAD,NON-US,WHITE,Non-Christian,10,Undergraduate,Other,ENGLISH,1,5,,Eight_plus,0
0,91,14,22,37,M,NON-TRAD,US,WHITE,Christian,10,Undergraduate,Other,ENGLISH,1,3,,TwoFour,0
0,100,30,26,43,M,TRAD,US,WHITE,Christian,10,Undergraduate,Other,ENGLISH,2,1,,Never,0
0,80,12,20,32,F,TRAD,US,WHITE,Christian,10,Undergraduate,Eled,ENGLISH,2,1,,Never,0
0,86,19,26,33,F,TRAD,US,WHITE,Christian,10,Undergraduate,Eled,ENGLISH,1,3,,TwoFour,0
0,92,10,20,21,F,TRAD,US,WHITE,Christian,10,Undergraduate,Eled,ENGLISH,2,2,,Once,0
0,78,14,23,29,F,TRAD,US,WHITE,Christian,10,Undergraduate,Eled,ENGLISH,1,1,,Never,0
0,96,18,22,37,F,TRAD,US,WHITE,Christian,10,Undergraduate,Other,ENGLISH,1,4,,FiveSeven,0
0,93,14,22,34,F,TRAD,US,WHITE,Christian,10,Undergraduate,Other,ENGLISH,1,3,,TwoFour,0
0,101,21,24,38,F,NON-TRAD,US,WHITE,Christian,10,Undergraduate,Eled,ENGLISH,1,2,,Once,0
0,93,17,26,37,F,TRAD,US,WHITE,Christian,10,Undergraduate,Eled,ENGLISH,1,3,,TwoFour,0
0,85,14,20,36,F,TRAD,US,NON-WHITE,Christian,10,Undergraduate,Eled,ENGLISH,2,3,,TwoFour,0
0,88,12,19,29,F,TRAD,US,WHITE,Christian,10,Undergraduate,Eled,ENGLISH,1,1,,Never,0
0,91,19,21,35,F,TRAD,US,WHITE,Non-Christian,10,Undergraduate,Eled,ENGLISH,1,1,,Never,0
0,99,21,17,45,F,TRAD,US,NON-WHITE,Christian,10,Undergraduate,SpEd,ENGLISH,2,1,,Never,0
0,81,17,24,35,F,TRAD,US,NON-WHITE,Christian,10,Undergraduate,Eled,ENGLISH,1,3,,TwoFour,0
0,107,16,23,45,F,TRAD,US,WHITE,Christian,10,Undergraduate,Eled,ENGLISH,1,1,,Never,0
0,70,11,19,19,F,TRAD,US,WHITE,Christian,10,Undergraduate,Eled,ENGLISH,1,2,,Once,0
0,84,17,26,35,F,TRAD,US,WHITE,Christian,10,Undergraduate,Eled,ENGLISH,1,1,,Never,0
0,76,12,23,25,F,TRAD,US,WHITE,Christian,10,Undergraduate,Eled,ENGLISH,1,1,,Never,0
0,91,15,20,45,F,TRAD,US,NON-WHITE,Christian,10,Undergraduate,Eled,ENGLISH,1,2,,Once,0
0,91,17,27,39,F,TRAD,US,WHITE,Christian,10,Undergraduate,Eled,ENGLISH,2,1,,Never,0
0,92,14,24,40,F,TRAD,US,WHITE,Christian,10,Undergraduate,Eled,ENGLISH,1,3,,TwoFour,0
0,102,24,24,47,F,TRAD,US,WHITE,Christian,10,Undergraduate,Eled,ENGLISH,2,5,,Eight_plus,0
0,102,27,30,46,F,TRAD,NON-US,WHITE,Christian,10,Undergraduate,Eled,ENGLISH,2,5,1,Eight_plus,1
0,95,25,27,41,F,TRAD,US,NON-WHITE,Non-Christian,10,Undergraduate,Eled,ENGLISH,2,3,1,TwoFour,1
0,86,21,25,42,F,TRAD,US,WHITE,Christian,10,Undergraduate,Eled,ENGLISH,1,3,,TwoFour,0
0,72,10,15,27,F,TRAD,US,WHITE,Christian,10,Undergraduate,SpEd,ENGLISH,1,3,,TwoFour,0
0,96,23,17,46,F,TRAD,US,NON-WHITE,Christian,10,Undergraduate,Eled,ENGLISH,2,1,,Never,0
0,77,15,15,23,F,TRAD,US,WHITE,Christian,10,Undergraduate,Eled,ENGLISH,1,1,,Never,0
0,98,33,21,40,F,TRAD,US,NON-WHITE,Non-Christian,10,Undergraduate,Other,ENGLISH,2,2,,Once,0
0,79,20,20,33,F,TRAD,US,WHITE,Christian,10,Undergraduate,Eled,ENGLISH,2,2,,Once,0
0,82,11,22,30,F,TRAD,US,WHITE,Christian,10,Undergraduate,Eled,ENGLISH,1,1,,Never,0
0,64,15,21,17,F,TRAD,US,WHITE,Christian,10,Undergraduate,Eled,ENGLISH,1,1,,Never,0
0,88,23,23,39,F,TRAD,US,WHITE,Christian,10,Undergraduate,Eled,ENGLISH,1,3,,TwoFour,0
0,89,17,22,34,F,TRAD,NON-US,WHITE,Christian,10,Undergraduate,Eled,ENGLISH,1,1,,Never,0
0,79,19,18,35,F,TRAD,US,WHITE,Christian,10,Undergraduate,Eled,ENGLISH,1,1,,Never,0
0,87,19,22,41,F,TRAD,US,NON-WHITE,Christian,10,Undergraduate,Eled,ENGLISH,1,2,,Once,0
0,84,19,22,34,M,TRAD,US,WHITE,Christian,10,Undergraduate,Other,ENGLISH,1,1,,Never,0
0,101,16,27,45,F,TRAD,US,WHITE,Non-Christian,10,Undergraduate,Eled,ENGLISH,2,3,,TwoFour,0
0,94,23,27,37,F,TRAD,US,WHITE,Non-Christian,10,Undergraduate,SpEd,ENGLISH,1,1,,Never,0
0,73,17,20,32,F,TRAD,US,WHITE,Christian,10,Undergraduate,Eled,ENGLISH,1,2,,Once,0
0,76,18,22,22,F,TRAD,US,WHITE,Christian,10,Undergraduate,Secondary,ENGLISH,1,1,,Never,0
0,93,16,24,37,M,TRAD,US,WHITE,Christian,10,Undergraduate,Secondary,ENGLISH,1,1,,Never,0
0,87,16,24,38,F,TRAD,US,WHITE,Christian,10,Undergraduate,Other,ENGLISH,1,3,,TwoFour,0
0,65,20,26,29,F,TRAD,US,WHITE,Christian,10,Undergraduate,Other,ENGLISH,1,3,,TwoFour,0
0,105,30,30,48,M,TRAD,US,WHITE,Christian,10,Undergraduate,Other,ENGLISH,2,3,,TwoFour,0
0,69,11,13,22,F,TRAD,US,WHITE,Christian,10,Undergraduate,Eled,ENGLISH,1,1,,Never,0
0,71,14,17,18,F,TRAD,US,WHITE,Christian,10,Undergraduate,Other,ENGLISH,1,1,,Never,0
0,84,19,11,19,M,TRAD,US,WHITE,Christian,10,Undergraduate,Eled,ENGLISH,1,2,,Once,0
0,93,16,24,40,F,TRAD,US,WHITE,Non-Christian,10,Undergraduate,Eled,ENGLISH,1,3,1,TwoFour,1
0,95,15,26,47,F,NON-TRAD,US,WHITE,Christian,10,Undergraduate,Eled,ENGLISH,1,2,,Once,0
0,98,24,29,47,F,NON-TRAD,US,NON-WHITE,Non-Christian,10,Undergraduate,Eled,ENGLISH,2,2,,Once,0
0,103,22,26,36,F,TRAD,US,WHITE,Christian,10,Undergraduate,Eled,ENGLISH,2,1,,Never,0
0,70,13,17,27,F,TRAD,US,WHITE,Christian,10,Undergraduate,Eled,ENGLISH,1,2,,Once,0
0,93,24,22,42,M,TRAD,US,NON-WHITE,Christian,10,Undergraduate,Eled,ENGLISH,2,2,,Once,0
0,92,14,18,42,F,TRAD,US,WHITE,Christian,10,Undergraduate,Eled,ENGLISH,1,3,,TwoFour,0
0,91,15,20,37,F,TRAD,US,WHITE,Christian,10,Undergraduate,Eled,ENGLISH,1,2,,Once,0
0,90,19,27,35,F,TRAD,US,WHITE,Christian,10,Undergraduate,Eled,ENGLISH,1,1,,Never,0
0,89,26,21,40,F,NON-TRAD,NON-US,WHITE,Non-Christian,10,Undergraduate,Other,NON-ENGLISH,2,3,,TwoFour,0
0,88,17,30,34,F,TRAD,US,WHITE,Non-Christian,10,Undergraduate,Eled,ENGLISH,1,1,,Never,0
0,88,20,24,40,F,TRAD,US,WHITE,Christian,10,Undergraduate,Eled,ENGLISH,2,1,,Never,0
0,78,10,20,34,F,NON-TRAD,US,WHITE,Christian,10,Undergraduate,Eled,ENGLISH,1,1,,Never,0
0,92,23,26,50,M,NON-TRAD,US,NON-WHITE,Christian,10,Undergraduate,Eled,ENGLISH,1,1,,Never,0
0,92,25,28,47,M,TRAD,US,WHITE,Christian,10,Undergraduate,Secondary,ENGLISH,1,2,,Once,0
0,85,21,25,35,F,TRAD,US,WHITE,Christian,10,Undergraduate,Eled,ENGLISH,1,3,1,TwoFour,1
0,92,16,18,34,F,TRAD,US,WHITE,Christian,10,Undergraduate,Eled,ENGLISH,1,1,,Never,0
0,91,26,24,36,F,TRAD,US,NON-WHITE,Christian,10,Undergraduate,Eled,ENGLISH,1,1,,Never,0
0,98,16,23,35,F,NON-TRAD,US,WHITE,Christian,10,Undergraduate,Eled,ENGLISH,1,1,,Never,0
0,80,17,15,27,F,TRAD,US,NON-WHITE,Christian,10,Undergraduate,Eled,ENGLISH,1,2,,Once,0
0,97,12,21,30,F,TRAD,US,WHITE,Christian,10,Undergraduate,Eled,ENGLISH,1,2,,Once,0
0,86,16,23,27,F,NON-TRAD,US,NON-WHITE,Non-Christian,10,Undergraduate,Eled,ENGLISH,2,2,,Once,0
0,68,11,22,30,F,TRAD,US,WHITE,Christian,10,Undergraduate,Eled,ENGLISH,1,2,,Once,0
0,70,20,15,25,M,TRAD,US,WHITE,Christian,10,Undergraduate,Eled,ENGLISH,1,2,,Once,0
0,97,16,24,41,F,TRAD,US,NON-WHITE,Christian,10,Undergraduate,Other,ENGLISH,2,3,,TwoFour,0
0,86,17,27,38,M,NON-TRAD,US,NON-WHITE,Christian,10,Undergraduate,Eled,ENGLISH,1,3,,TwoFour,0
0,73,23,24,45,F,TRAD,US,WHITE,Christian,10,Undergraduate,Eled,ENGLISH,1,5,,Eight_plus,0
0,94,20,28,41,F,TRAD,US,WHITE,Christian,10,Undergraduate,Eled,ENGLISH,2,3,,TwoFour,0
0,84,21,23,35,F,TRAD,US,NON-WHITE,Christian,10,Undergraduate,Eled,ENGLISH,1,3,,TwoFour,0
0,67,16,20,24,F,TRAD,US,WHITE,Christian,10,Undergraduate,Other,ENGLISH,1,2,,Once,0
0,79,17,19,33,F,TRAD,US,WHITE,Christian,10,Undergraduate,Eled,ENGLISH,1,3,,TwoFour,0
0,88,20,22,29,F,NON-TRAD,US,WHITE,Non-Christian,10,Undergraduate,Eled,ENGLISH,2,1,,Never,0
0,99,27,25,46,F,NON-TRAD,US,WHITE,Non-Christian,10,Undergraduate,SpEd,ENGLISH,2,2,,Once,0
0,101,34,24,48,F,TRAD,US,NON-WHITE,Christian,10,Undergraduate,Eled,ENGLISH,2,2,,Once,0
1,94,20,21,37,F,TRAD,NON-US,NON-WHITE,Christian,7,Undergraduate,Eled,ENGLISH,2,3,,TwoFour,0
1,75,12,21,26,F,TRAD,US,NON-WHITE,Christian,6,Undergraduate,Secondary,NON-ENGLISH,1,3,,TwoFour,0
1,71,12,19,28,F,TRAD,US,NON-WHITE,Christian,7,Undergraduate,Eled,ENGLISH,1,3,1,TwoFour,1
1,86,23,26,29,F,TRAD,NON-US,NON-WHITE,Non-Christian,7,Undergraduate,Eled,NON-ENGLISH,1,1,,Never,0
1,97,13,26,41,F,TRAD,US,NON-WHITE,Christian,7,Undergraduate,Eled,ENGLISH,1,1,,Never,0
1,96,22,28,46,F,TRAD,US,WHITE,Christian,7,Undergraduate,Eled,ENGLISH,2,3,,TwoFour,0
1,94,21,28,49,F,TRAD,US,NON-WHITE,Christian,7,Undergraduate,SpEd,ENGLISH,1,3,,TwoFour,0
1,96,18,18,38,F,TRAD,US,NON-WHITE,Christian,7,Undergraduate,Eled,ENGLISH,1,2,,Once,0